This is pdfTeX, Version 3.141592653-2.6-1.40.28 (TeX Live 2025/Debian) (preloaded format=pdflatex 2026.6.19)  14 SEP 2026 23:56
entering extended mode
 \write18 enabled.
 %&-line parsing enabled.
**main
(./main.tex
LaTeX2e <2025-11-01>
L3 programming layer <2026-01-19>
(/usr/share/texlive/texmf-dist/tex/latex/base/book.cls
Document Class: book 2025/01/22 v1.4n Standard LaTeX document class
(/usr/share/texlive/texmf-dist/tex/latex/base/bk11.clo
File: bk11.clo 2025/01/22 v1.4n Standard LaTeX file (size option)
)
\c@part=\count275
\c@chapter=\count276
\c@section=\count277
\c@subsection=\count278
\c@subsubsection=\count279
\c@paragraph=\count280
\c@subparagraph=\count281
\c@figure=\count282
\c@table=\count283
\abovecaptionskip=\skip49
\belowcaptionskip=\skip50
\bibindent=\dimen148
)
(/usr/share/texlive/texmf-dist/tex/latex/base/inputenc.sty
Package: inputenc 2024/02/08 v1.3d Input encoding file
\inpenc@prehook=\toks17
\inpenc@posthook=\toks18
)
(/usr/share/texlive/texmf-dist/tex/latex/base/fontenc.sty
Package: fontenc 2025/07/18 v2.1d Standard LaTeX package
)
(/usr/share/texlive/texmf-dist/tex/generic/babel/babel.sty
Package: babel 2026/01/18 v26.1 The multilingual framework for LuaLaTeX, pdfLaT
eX and XeLaTeX
\babel@savecnt=\count284
LaTeX Encoding Info:    Redeclaring text command \ij (encoding OT1) on input li
ne 2078.
LaTeX Encoding Info:    Redeclaring text command \IJ (encoding OT1) on input li
ne 2080.
LaTeX Encoding Info:    Redeclaring text command \ij (encoding T1) on input lin
e 2082.
LaTeX Encoding Info:    Redeclaring text command \IJ (encoding T1) on input lin
e 2083.
LaTeX Encoding Info:    Ignoring declaration for text command \ij (encoding ?) 
on input line 2084.
LaTeX Encoding Info:    Ignoring declaration for text command \IJ (encoding ?) 
on input line 2086.
LaTeX Encoding Info:    Ignoring declaration for text command \SS (encoding ?) 
on input line 2111.
\U@D=\dimen149
\l@unhyphenated=\language8

(/usr/share/texlive/texmf-dist/tex/generic/babel/txtbabel.def)
\bbl@readstream=\read2
\bbl@dirlevel=\count285

(/usr/share/texlive/texmf-dist/tex/generic/babel/locale/es/babel-spanish.tex)
Package babel Info: Importing font and identification data for spanish
(babel)             from babel-es.ini. Reported on input line 4330.

(/usr/share/texlive/texmf-dist/tex/generic/babel-spanish/spanish.ldf
Language: spanish.ldf 2021/05/27 v5.0q Spanish support from the babel system
\es@quottoks=\toks19
\es@quotdepth=\count286
Package babel Info: Making " an active character on input line 570.
Package babel Info: Making . an active character on input line 675.
Package babel Info: Making < an active character on input line 722.
Package babel Info: Making > an active character on input line 722.
))
LaTeX Encoding Info:    Redeclaring text command \guillemotleft (encoding OT1) 
on input line 9.
LaTeX Encoding Info:    Redeclaring text command \guillemotright (encoding OT1)
 on input line 9.

(/usr/share/texmf/tex/latex/lm/lmodern.sty
Package: lmodern 2015/05/01 v1.6.1 Latin Modern Fonts
LaTeX Font Info:    Overwriting symbol font `operators' in version `normal'
(Font)                  OT1/cmr/m/n --> OT1/lmr/m/n on input line 22.
LaTeX Font Info:    Overwriting symbol font `letters' in version `normal'
(Font)                  OML/cmm/m/it --> OML/lmm/m/it on input line 23.
LaTeX Font Info:    Overwriting symbol font `symbols' in version `normal'
(Font)                  OMS/cmsy/m/n --> OMS/lmsy/m/n on input line 24.
LaTeX Font Info:    Overwriting symbol font `largesymbols' in version `normal'
(Font)                  OMX/cmex/m/n --> OMX/lmex/m/n on input line 25.
LaTeX Font Info:    Overwriting symbol font `operators' in version `bold'
(Font)                  OT1/cmr/bx/n --> OT1/lmr/bx/n on input line 26.
LaTeX Font Info:    Overwriting symbol font `letters' in version `bold'
(Font)                  OML/cmm/b/it --> OML/lmm/b/it on input line 27.
LaTeX Font Info:    Overwriting symbol font `symbols' in version `bold'
(Font)                  OMS/cmsy/b/n --> OMS/lmsy/b/n on input line 28.
LaTeX Font Info:    Overwriting symbol font `largesymbols' in version `bold'
(Font)                  OMX/cmex/m/n --> OMX/lmex/m/n on input line 29.
LaTeX Font Info:    Overwriting math alphabet `\mathbf' in version `normal'
(Font)                  OT1/cmr/bx/n --> OT1/lmr/bx/n on input line 31.
LaTeX Font Info:    Overwriting math alphabet `\mathsf' in version `normal'
(Font)                  OT1/cmss/m/n --> OT1/lmss/m/n on input line 32.
LaTeX Font Info:    Overwriting math alphabet `\mathit' in version `normal'
(Font)                  OT1/cmr/m/it --> OT1/lmr/m/it on input line 33.
LaTeX Font Info:    Overwriting math alphabet `\mathtt' in version `normal'
(Font)                  OT1/cmtt/m/n --> OT1/lmtt/m/n on input line 34.
LaTeX Font Info:    Overwriting math alphabet `\mathbf' in version `bold'
(Font)                  OT1/cmr/bx/n --> OT1/lmr/bx/n on input line 35.
LaTeX Font Info:    Overwriting math alphabet `\mathsf' in version `bold'
(Font)                  OT1/cmss/bx/n --> OT1/lmss/bx/n on input line 36.
LaTeX Font Info:    Overwriting math alphabet `\mathit' in version `bold'
(Font)                  OT1/cmr/bx/it --> OT1/lmr/bx/it on input line 37.
LaTeX Font Info:    Overwriting math alphabet `\mathtt' in version `bold'
(Font)                  OT1/cmtt/m/n --> OT1/lmtt/m/n on input line 38.
)
(/usr/share/texlive/texmf-dist/tex/latex/geometry/geometry.sty
Package: geometry 2020/01/02 v5.9 Page Geometry

(/usr/share/texlive/texmf-dist/tex/latex/graphics/keyval.sty
Package: keyval 2022/05/29 v1.15 key=value parser (DPC)
\KV@toks@=\toks20
)
(/usr/share/texlive/texmf-dist/tex/generic/iftex/ifvtex.sty
Package: ifvtex 2019/10/25 v1.7 ifvtex legacy package. Use iftex instead.

(/usr/share/texlive/texmf-dist/tex/generic/iftex/iftex.sty
Package: iftex 2024/12/12 v1.0g TeX engine tests
))
\Gm@cnth=\count287
\Gm@cntv=\count288
\c@Gm@tempcnt=\count289
\Gm@bindingoffset=\dimen150
\Gm@wd@mp=\dimen151
\Gm@odd@mp=\dimen152
\Gm@even@mp=\dimen153
\Gm@layoutwidth=\dimen154
\Gm@layoutheight=\dimen155
\Gm@layouthoffset=\dimen156
\Gm@layoutvoffset=\dimen157
\Gm@dimlist=\toks21
)
(/usr/share/texlive/texmf-dist/tex/latex/graphics/graphicx.sty
Package: graphicx 2024/12/31 v1.2e Enhanced LaTeX Graphics (DPC,SPQR)

(/usr/share/texlive/texmf-dist/tex/latex/graphics/graphics.sty
Package: graphics 2024/08/06 v1.4g Standard LaTeX Graphics (DPC,SPQR)

(/usr/share/texlive/texmf-dist/tex/latex/graphics/trig.sty
Package: trig 2023/12/02 v1.11 sin cos tan (DPC)
)
(/usr/share/texlive/texmf-dist/tex/latex/graphics-cfg/graphics.cfg
File: graphics.cfg 2016/06/04 v1.11 sample graphics configuration
)
Package graphics Info: Driver file: pdftex.def on input line 106.

(/usr/share/texlive/texmf-dist/tex/latex/graphics-def/pdftex.def
File: pdftex.def 2025/09/29 v1.2d Graphics/color driver for pdftex
))
\Gin@req@height=\dimen158
\Gin@req@width=\dimen159
)
(/usr/share/texlive/texmf-dist/tex/latex/float/float.sty
Package: float 2001/11/08 v1.3d Float enhancements (AL)
\c@float@type=\count290
\float@exts=\toks22
\float@box=\box53
\@float@everytoks=\toks23
\@floatcapt=\box54
)
(/usr/share/texlive/texmf-dist/tex/latex/caption/caption.sty
Package: caption 2023/08/05 v3.6o Customizing captions (AR)

(/usr/share/texlive/texmf-dist/tex/latex/caption/caption3.sty
Package: caption3 2023/07/31 v2.4d caption3 kernel (AR)
\caption@tempdima=\dimen160
\captionmargin=\dimen161
\caption@leftmargin=\dimen162
\caption@rightmargin=\dimen163
\caption@width=\dimen164
\caption@indent=\dimen165
\caption@parindent=\dimen166
\caption@hangindent=\dimen167
Package caption Info: Standard document class detected.
)
\c@caption@flags=\count291
\c@continuedfloat=\count292
Package caption Info: float package is loaded.
)
(/usr/share/texlive/texmf-dist/tex/latex/caption/subcaption.sty
Package: subcaption 2023/07/28 v1.6b Sub-captions (AR)
Package caption Info: New subtype `subfigure' on input line 238.
\c@subfigure=\count293
Package caption Info: New subtype `subtable' on input line 238.
\c@subtable=\count294
)
(/usr/share/texlive/texmf-dist/tex/latex/pgf/frontendlayer/tikz.sty
(/usr/share/texlive/texmf-dist/tex/latex/pgf/basiclayer/pgf.sty
(/usr/share/texlive/texmf-dist/tex/latex/pgf/utilities/pgfrcs.sty
(/usr/share/texlive/texmf-dist/tex/generic/pgf/utilities/pgfutil-common.tex
\pgfutil@everybye=\toks24
\pgfutil@tempdima=\dimen168
\pgfutil@tempdimb=\dimen169
)
(/usr/share/texlive/texmf-dist/tex/generic/pgf/utilities/pgfutil-latex.def
\pgfutil@abb=\box55
)
(/usr/share/texlive/texmf-dist/tex/generic/pgf/utilities/pgfrcs.code.tex
(/usr/share/texlive/texmf-dist/tex/generic/pgf/pgf.revision.tex)
Package: pgfrcs 2025-08-29 v3.1.11a (3.1.11a)
))
Package: pgf 2025-08-29 v3.1.11a (3.1.11a)

(/usr/share/texlive/texmf-dist/tex/latex/pgf/basiclayer/pgfcore.sty
(/usr/share/texlive/texmf-dist/tex/latex/pgf/systemlayer/pgfsys.sty
(/usr/share/texlive/texmf-dist/tex/generic/pgf/systemlayer/pgfsys.code.tex
Package: pgfsys 2025-08-29 v3.1.11a (3.1.11a)

(/usr/share/texlive/texmf-dist/tex/generic/pgf/utilities/pgfkeys.code.tex
\pgfkeys@pathtoks=\toks25
\pgfkeys@temptoks=\toks26

(/usr/share/texlive/texmf-dist/tex/generic/pgf/utilities/pgfkeyslibraryfiltered
.code.tex
\pgfkeys@tmptoks=\toks27
))
\pgf@x=\dimen170
\pgf@y=\dimen171
\pgf@xa=\dimen172
\pgf@ya=\dimen173
\pgf@xb=\dimen174
\pgf@yb=\dimen175
\pgf@xc=\dimen176
\pgf@yc=\dimen177
\pgf@xd=\dimen178
\pgf@yd=\dimen179
\w@pgf@writea=\write3
\r@pgf@reada=\read3
\c@pgf@counta=\count295
\c@pgf@countb=\count296
\c@pgf@countc=\count297
\c@pgf@countd=\count298
\t@pgf@toka=\toks28
\t@pgf@tokb=\toks29
\t@pgf@tokc=\toks30
\pgf@sys@id@count=\count299
 (/usr/share/texlive/texmf-dist/tex/generic/pgf/systemlayer/pgf.cfg
File: pgf.cfg 2025-08-29 v3.1.11a (3.1.11a)
)
Driver file for pgf: pgfsys-pdftex.def
(/usr/share/texlive/texmf-dist/tex/generic/pgf/systemlayer/pgfsys-pdftex.def
File: pgfsys-pdftex.def 2025-08-29 v3.1.11a (3.1.11a)

(/usr/share/texlive/texmf-dist/tex/generic/pgf/systemlayer/pgfsys-common-pdf.de
f
File: pgfsys-common-pdf.def 2025-08-29 v3.1.11a (3.1.11a)
)))
(/usr/share/texlive/texmf-dist/tex/generic/pgf/systemlayer/pgfsyssoftpath.code.
tex
File: pgfsyssoftpath.code.tex 2025-08-29 v3.1.11a (3.1.11a)
\pgfsyssoftpath@smallbuffer@items=\count300
\pgfsyssoftpath@bigbuffer@items=\count301
)
(/usr/share/texlive/texmf-dist/tex/generic/pgf/systemlayer/pgfsysprotocol.code.
tex
File: pgfsysprotocol.code.tex 2025-08-29 v3.1.11a (3.1.11a)
)) (/usr/share/texlive/texmf-dist/tex/latex/xcolor/xcolor.sty
Package: xcolor 2024/09/29 v3.02 LaTeX color extensions (UK)

(/usr/share/texlive/texmf-dist/tex/latex/graphics-cfg/color.cfg
File: color.cfg 2016/01/02 v1.6 sample color configuration
)
Package xcolor Info: Driver file: pdftex.def on input line 274.

(/usr/share/texlive/texmf-dist/tex/latex/graphics/mathcolor.ltx)
Package xcolor Info: Model `cmy' substituted by `cmy0' on input line 1349.
Package xcolor Info: Model `hsb' substituted by `rgb' on input line 1353.
Package xcolor Info: Model `RGB' extended on input line 1365.
Package xcolor Info: Model `HTML' substituted by `rgb' on input line 1367.
Package xcolor Info: Model `Hsb' substituted by `hsb' on input line 1368.
Package xcolor Info: Model `tHsb' substituted by `hsb' on input line 1369.
Package xcolor Info: Model `HSB' substituted by `hsb' on input line 1370.
Package xcolor Info: Model `Gray' substituted by `gray' on input line 1371.
Package xcolor Info: Model `wave' substituted by `hsb' on input line 1372.
)
(/usr/share/texlive/texmf-dist/tex/generic/pgf/basiclayer/pgfcore.code.tex
Package: pgfcore 2025-08-29 v3.1.11a (3.1.11a)

(/usr/share/texlive/texmf-dist/tex/generic/pgf/math/pgfmath.code.tex
(/usr/share/texlive/texmf-dist/tex/generic/pgf/math/pgfmathutil.code.tex)
(/usr/share/texlive/texmf-dist/tex/generic/pgf/math/pgfmathparser.code.tex
\pgfmath@dimen=\dimen180
\pgfmath@count=\count302
\pgfmath@box=\box56
\pgfmath@toks=\toks31
\pgfmath@stack@operand=\toks32
\pgfmath@stack@operation=\toks33
)
(/usr/share/texlive/texmf-dist/tex/generic/pgf/math/pgfmathfunctions.code.tex)
(/usr/share/texlive/texmf-dist/tex/generic/pgf/math/pgfmathfunctions.basic.code
.tex)
(/usr/share/texlive/texmf-dist/tex/generic/pgf/math/pgfmathfunctions.trigonomet
ric.code.tex)
(/usr/share/texlive/texmf-dist/tex/generic/pgf/math/pgfmathfunctions.random.cod
e.tex)
(/usr/share/texlive/texmf-dist/tex/generic/pgf/math/pgfmathfunctions.comparison
.code.tex)
(/usr/share/texlive/texmf-dist/tex/generic/pgf/math/pgfmathfunctions.base.code.
tex)
(/usr/share/texlive/texmf-dist/tex/generic/pgf/math/pgfmathfunctions.round.code
.tex)
(/usr/share/texlive/texmf-dist/tex/generic/pgf/math/pgfmathfunctions.misc.code.
tex)
(/usr/share/texlive/texmf-dist/tex/generic/pgf/math/pgfmathfunctions.integerari
thmetics.code.tex)
(/usr/share/texlive/texmf-dist/tex/generic/pgf/math/pgfmathcalc.code.tex)
(/usr/share/texlive/texmf-dist/tex/generic/pgf/math/pgfmathfloat.code.tex
\c@pgfmathroundto@lastzeros=\count303
))
(/usr/share/texlive/texmf-dist/tex/generic/pgf/math/pgfint.code.tex)
(/usr/share/texlive/texmf-dist/tex/generic/pgf/basiclayer/pgfcorepoints.code.te
x
File: pgfcorepoints.code.tex 2025-08-29 v3.1.11a (3.1.11a)
\pgf@picminx=\dimen181
\pgf@picmaxx=\dimen182
\pgf@picminy=\dimen183
\pgf@picmaxy=\dimen184
\pgf@pathminx=\dimen185
\pgf@pathmaxx=\dimen186
\pgf@pathminy=\dimen187
\pgf@pathmaxy=\dimen188
\pgf@xx=\dimen189
\pgf@xy=\dimen190
\pgf@yx=\dimen191
\pgf@yy=\dimen192
\pgf@zx=\dimen193
\pgf@zy=\dimen194
)
(/usr/share/texlive/texmf-dist/tex/generic/pgf/basiclayer/pgfcorepathconstruct.
code.tex
File: pgfcorepathconstruct.code.tex 2025-08-29 v3.1.11a (3.1.11a)
\pgf@path@lastx=\dimen195
\pgf@path@lasty=\dimen196
)
(/usr/share/texlive/texmf-dist/tex/generic/pgf/basiclayer/pgfcorepathusage.code
.tex
File: pgfcorepathusage.code.tex 2025-08-29 v3.1.11a (3.1.11a)
\pgf@shorten@end@additional=\dimen197
\pgf@shorten@start@additional=\dimen198
)
(/usr/share/texlive/texmf-dist/tex/generic/pgf/basiclayer/pgfcorescopes.code.te
x
File: pgfcorescopes.code.tex 2025-08-29 v3.1.11a (3.1.11a)
\pgfpic=\box57
\pgf@hbox=\box58
\pgf@layerbox@main=\box59
\pgf@picture@serial@count=\count304
)
(/usr/share/texlive/texmf-dist/tex/generic/pgf/basiclayer/pgfcoregraphicstate.c
ode.tex
File: pgfcoregraphicstate.code.tex 2025-08-29 v3.1.11a (3.1.11a)
\pgflinewidth=\dimen199
)
(/usr/share/texlive/texmf-dist/tex/generic/pgf/basiclayer/pgfcoretransformation
s.code.tex
File: pgfcoretransformations.code.tex 2025-08-29 v3.1.11a (3.1.11a)
\pgf@pt@x=\dimen256
\pgf@pt@y=\dimen257
\pgf@pt@temp=\dimen258
)
(/usr/share/texlive/texmf-dist/tex/generic/pgf/basiclayer/pgfcorequick.code.tex
File: pgfcorequick.code.tex 2025-08-29 v3.1.11a (3.1.11a)
)
(/usr/share/texlive/texmf-dist/tex/generic/pgf/basiclayer/pgfcoreobjects.code.t
ex
File: pgfcoreobjects.code.tex 2025-08-29 v3.1.11a (3.1.11a)
)
(/usr/share/texlive/texmf-dist/tex/generic/pgf/basiclayer/pgfcorepathprocessing
.code.tex
File: pgfcorepathprocessing.code.tex 2025-08-29 v3.1.11a (3.1.11a)
)
(/usr/share/texlive/texmf-dist/tex/generic/pgf/basiclayer/pgfcorearrows.code.te
x
File: pgfcorearrows.code.tex 2025-08-29 v3.1.11a (3.1.11a)
\pgfarrowsep=\dimen259
)
(/usr/share/texlive/texmf-dist/tex/generic/pgf/basiclayer/pgfcoreshade.code.tex
File: pgfcoreshade.code.tex 2025-08-29 v3.1.11a (3.1.11a)
\pgf@max=\dimen260
\pgf@sys@shading@range@num=\count305
\pgf@shadingcount=\count306
)
(/usr/share/texlive/texmf-dist/tex/generic/pgf/basiclayer/pgfcoreimage.code.tex
File: pgfcoreimage.code.tex 2025-08-29 v3.1.11a (3.1.11a)
)
(/usr/share/texlive/texmf-dist/tex/generic/pgf/basiclayer/pgfcoreexternal.code.
tex
File: pgfcoreexternal.code.tex 2025-08-29 v3.1.11a (3.1.11a)
\pgfexternal@startupbox=\box60
)
(/usr/share/texlive/texmf-dist/tex/generic/pgf/basiclayer/pgfcorelayers.code.te
x
File: pgfcorelayers.code.tex 2025-08-29 v3.1.11a (3.1.11a)
)
(/usr/share/texlive/texmf-dist/tex/generic/pgf/basiclayer/pgfcoretransparency.c
ode.tex
File: pgfcoretransparency.code.tex 2025-08-29 v3.1.11a (3.1.11a)
)
(/usr/share/texlive/texmf-dist/tex/generic/pgf/basiclayer/pgfcorepatterns.code.
tex
File: pgfcorepatterns.code.tex 2025-08-29 v3.1.11a (3.1.11a)
)
(/usr/share/texlive/texmf-dist/tex/generic/pgf/basiclayer/pgfcorerdf.code.tex
File: pgfcorerdf.code.tex 2025-08-29 v3.1.11a (3.1.11a)
)))
(/usr/share/texlive/texmf-dist/tex/generic/pgf/modules/pgfmoduleshapes.code.tex
File: pgfmoduleshapes.code.tex 2025-08-29 v3.1.11a (3.1.11a)
\pgfnodeparttextbox=\box61
) (/usr/share/texlive/texmf-dist/tex/generic/pgf/modules/pgfmoduleplot.code.tex
File: pgfmoduleplot.code.tex 2025-08-29 v3.1.11a (3.1.11a)
)
(/usr/share/texlive/texmf-dist/tex/latex/pgf/compatibility/pgfcomp-version-0-65
.sty
Package: pgfcomp-version-0-65 2025-08-29 v3.1.11a (3.1.11a)
\pgf@nodesepstart=\dimen261
\pgf@nodesepend=\dimen262
)
(/usr/share/texlive/texmf-dist/tex/latex/pgf/compatibility/pgfcomp-version-1-18
.sty
Package: pgfcomp-version-1-18 2025-08-29 v3.1.11a (3.1.11a)
)) (/usr/share/texlive/texmf-dist/tex/latex/pgf/utilities/pgffor.sty
(/usr/share/texlive/texmf-dist/tex/latex/pgf/utilities/pgfkeys.sty
(/usr/share/texlive/texmf-dist/tex/generic/pgf/utilities/pgfkeys.code.tex))
(/usr/share/texlive/texmf-dist/tex/latex/pgf/math/pgfmath.sty
(/usr/share/texlive/texmf-dist/tex/generic/pgf/math/pgfmath.code.tex))
(/usr/share/texlive/texmf-dist/tex/generic/pgf/utilities/pgffor.code.tex
Package: pgffor 2025-08-29 v3.1.11a (3.1.11a)
\pgffor@iter=\dimen263
\pgffor@skip=\dimen264
\pgffor@stack=\toks34
\pgffor@toks=\toks35
))
(/usr/share/texlive/texmf-dist/tex/generic/pgf/frontendlayer/tikz/tikz.code.tex
Package: tikz 2025-08-29 v3.1.11a (3.1.11a)

(/usr/share/texlive/texmf-dist/tex/generic/pgf/libraries/pgflibraryplothandlers
.code.tex
File: pgflibraryplothandlers.code.tex 2025-08-29 v3.1.11a (3.1.11a)
\pgf@plot@mark@count=\count307
\pgfplotmarksize=\dimen265
)
\tikz@lastx=\dimen266
\tikz@lasty=\dimen267
\tikz@lastxsaved=\dimen268
\tikz@lastysaved=\dimen269
\tikz@lastmovetox=\dimen270
\tikz@lastmovetoy=\dimen271
\tikzleveldistance=\dimen272
\tikzsiblingdistance=\dimen273
\tikz@figbox=\box62
\tikz@figbox@bg=\box63
\tikz@tempbox=\box64
\tikz@tempbox@bg=\box65
\tikztreelevel=\count308
\tikznumberofchildren=\count309
\tikznumberofcurrentchild=\count310
\tikz@fig@count=\count311

(/usr/share/texlive/texmf-dist/tex/generic/pgf/modules/pgfmodulematrix.code.tex
File: pgfmodulematrix.code.tex 2025-08-29 v3.1.11a (3.1.11a)
\pgfmatrixcurrentrow=\count312
\pgfmatrixcurrentcolumn=\count313
\pgf@matrix@numberofcolumns=\count314
)
\tikz@expandcount=\count315

(/usr/share/texlive/texmf-dist/tex/generic/pgf/frontendlayer/tikz/libraries/tik
zlibrarytopaths.code.tex
File: tikzlibrarytopaths.code.tex 2025-08-29 v3.1.11a (3.1.11a)
)))
(/usr/share/texlive/texmf-dist/tex/generic/pgf/frontendlayer/tikz/libraries/tik
zlibrarypositioning.code.tex
File: tikzlibrarypositioning.code.tex 2025-08-29 v3.1.11a (3.1.11a)
)
(/usr/share/texlive/texmf-dist/tex/generic/pgf/libraries/pgflibraryarrows.meta.
code.tex
File: pgflibraryarrows.meta.code.tex 2025-08-29 v3.1.11a (3.1.11a)
\pgfarrowinset=\dimen274
\pgfarrowlength=\dimen275
\pgfarrowwidth=\dimen276
\pgfarrowlinewidth=\dimen277
)
(/usr/share/texlive/texmf-dist/tex/generic/pgf/frontendlayer/tikz/libraries/tik
zlibraryshapes.geometric.code.tex
File: tikzlibraryshapes.geometric.code.tex 2025-08-29 v3.1.11a (3.1.11a)

(/usr/share/texlive/texmf-dist/tex/generic/pgf/libraries/shapes/pgflibraryshape
s.geometric.code.tex
File: pgflibraryshapes.geometric.code.tex 2025-08-29 v3.1.11a (3.1.11a)
))
(/usr/share/texlive/texmf-dist/tex/generic/pgf/frontendlayer/tikz/libraries/tik
zlibrarycalc.code.tex
File: tikzlibrarycalc.code.tex 2025-08-29 v3.1.11a (3.1.11a)
)
(/usr/share/texlive/texmf-dist/tex/generic/pgf/frontendlayer/tikz/libraries/tik
zlibraryfit.code.tex
File: tikzlibraryfit.code.tex 2025-08-29 v3.1.11a (3.1.11a)
)
(/usr/share/texlive/texmf-dist/tex/generic/pgf/frontendlayer/tikz/libraries/tik
zlibrarybackgrounds.code.tex
File: tikzlibrarybackgrounds.code.tex 2025-08-29 v3.1.11a (3.1.11a)
\pgf@layerbox@background=\box66
\pgf@layerboxsaved@background=\box67
)
(/usr/share/texlive/texmf-dist/tex/generic/pgf/frontendlayer/tikz/libraries/tik
zlibrarydecorations.pathreplacing.code.tex
(/usr/share/texlive/texmf-dist/tex/generic/pgf/frontendlayer/tikz/libraries/tik
zlibrarydecorations.code.tex
(/usr/share/texlive/texmf-dist/tex/generic/pgf/modules/pgfmoduledecorations.cod
e.tex
\pgfdecoratedcompleteddistance=\dimen278
\pgfdecoratedremainingdistance=\dimen279
\pgfdecoratedinputsegmentcompleteddistance=\dimen280
\pgfdecoratedinputsegmentremainingdistance=\dimen281
\pgf@decorate@distancetomove=\dimen282
\pgf@decorate@repeatstate=\count316
\pgfdecorationsegmentamplitude=\dimen283
\pgfdecorationsegmentlength=\dimen284
)
\tikz@lib@dec@box=\box68
)
(/usr/share/texlive/texmf-dist/tex/generic/pgf/libraries/decorations/pgflibrary
decorations.pathreplacing.code.tex))
(/usr/share/texlive/texmf-dist/tex/generic/pgf/frontendlayer/tikz/libraries/tik
zlibraryshapes.misc.code.tex
File: tikzlibraryshapes.misc.code.tex 2025-08-29 v3.1.11a (3.1.11a)

(/usr/share/texlive/texmf-dist/tex/generic/pgf/libraries/shapes/pgflibraryshape
s.misc.code.tex
File: pgflibraryshapes.misc.code.tex 2025-08-29 v3.1.11a (3.1.11a)
))
(/usr/share/texlive/texmf-dist/tex/latex/tikzscale/tikzscale.sty
Package: tikzscale 2013/05/22 v0.2.6 tikzscale LaTeX package

(/usr/share/texlive/texmf-dist/tex/latex/etoolbox/etoolbox.sty
Package: etoolbox 2025/10/02 v2.5m e-TeX tools for LaTeX (JAW)
\etb@tempcnta=\count317
)
(/usr/share/texlive/texmf-dist/tex/latex/l3packages/xparse/xparse.sty
(/usr/share/texlive/texmf-dist/tex/latex/l3kernel/expl3.sty
Package: expl3 2026-01-19 L3 programming layer (loader) 

(/usr/share/texlive/texmf-dist/tex/latex/l3backend/l3backend-pdftex.def
File: l3backend-pdftex.def 2025-10-09 L3 backend support: PDF output (pdfTeX)
\l__color_backend_stack_int=\count318
))
Package: xparse 2025-10-09 L3 Experimental document command parser
)
(/usr/share/texlive/texmf-dist/tex/latex/letltxmacro/letltxmacro.sty
Package: letltxmacro 2019/12/03 v1.6 Let assignment for LaTeX macros (HO)
)
(/usr/share/texlive/texmf-dist/tex/generic/xstring/xstring.sty
(/usr/share/texlive/texmf-dist/tex/generic/xstring/xstring.tex
\xs_counta=\count319
\xs_countb=\count320
)
Package: xstring 2023/08/22 v1.86 String manipulations (CT)
)
\tikzscale@measuredSize=\box69
)
(/usr/share/texlive/texmf-dist/tex/latex/booktabs/booktabs.sty
Package: booktabs 2020/01/12 v1.61803398 Publication quality tables
\heavyrulewidth=\dimen285
\lightrulewidth=\dimen286
\cmidrulewidth=\dimen287
\belowrulesep=\dimen288
\belowbottomsep=\dimen289
\aboverulesep=\dimen290
\abovetopsep=\dimen291
\cmidrulesep=\dimen292
\cmidrulekern=\dimen293
\defaultaddspace=\dimen294
\@cmidla=\count321
\@cmidlb=\count322
\@aboverulesep=\dimen295
\@belowrulesep=\dimen296
\@thisruleclass=\count323
\@lastruleclass=\count324
\@thisrulewidth=\dimen297
)
(/usr/share/texlive/texmf-dist/tex/latex/tools/longtable.sty
Package: longtable 2025-10-13 v4.24 Multi-page Table package (DPC)
\LTleft=\skip51
\LTright=\skip52
\LTpre=\skip53
\LTpost=\skip54
\LTchunksize=\count325
\LTcapwidth=\dimen298
\LT@head=\box70
\LT@firsthead=\box71
\LT@foot=\box72
\LT@lastfoot=\box73
\LT@gbox=\box74
\LT@cols=\count326
\LT@rows=\count327
\c@LT@tables=\count328
\c@LT@chunks=\count329
\LT@p@ftn=\toks36
)
(/usr/share/texlive/texmf-dist/tex/latex/tools/array.sty
Package: array 2025/09/25 v2.6n Tabular extension package (FMi)
\col@sep=\dimen299
\ar@mcellbox=\box75
\extrarowheight=\dimen300
\NC@list=\toks37
\extratabsurround=\skip55
\backup@length=\skip56
\ar@cellbox=\box76
)
(/usr/share/texlive/texmf-dist/tex/latex/multirow/multirow.sty
Package: multirow 2024/11/12 v2.9 Span multiple rows of a table
\multirow@colwidth=\skip57
\multirow@cntb=\count330
\multirow@dima=\skip58
\bigstrutjot=\dimen301
)
(/usr/share/texlive/texmf-dist/tex/latex/tools/tabularx.sty
Package: tabularx 2023/12/11 v2.12a `tabularx' package (DPC)
\TX@col@width=\dimen302
\TX@old@table=\dimen303
\TX@old@col=\dimen304
\TX@target=\dimen305
\TX@delta=\dimen306
\TX@cols=\count331
\TX@ftn=\toks38
)
(/usr/share/texlive/texmf-dist/tex/latex/makecell/makecell.sty
Package: makecell 2009/08/03 V0.1e Managing of Tab Column Heads and Cells
\rotheadsize=\dimen307
\c@nlinenum=\count332
\TeXr@lab=\toks39
)
(/usr/share/texlive/texmf-dist/tex/latex/amsmath/amsmath.sty
Package: amsmath 2025/07/09 v2.17z AMS math features
\@mathmargin=\skip59

For additional information on amsmath, use the `?' option.
(/usr/share/texlive/texmf-dist/tex/latex/amsmath/amstext.sty
Package: amstext 2024/11/17 v2.01 AMS text

(/usr/share/texlive/texmf-dist/tex/latex/amsmath/amsgen.sty
File: amsgen.sty 1999/11/30 v2.0 generic functions
\@emptytoks=\toks40
\ex@=\dimen308
))
(/usr/share/texlive/texmf-dist/tex/latex/amsmath/amsbsy.sty
Package: amsbsy 1999/11/29 v1.2d Bold Symbols
\pmbraise@=\dimen309
)
(/usr/share/texlive/texmf-dist/tex/latex/amsmath/amsopn.sty
Package: amsopn 2022/04/08 v2.04 operator names
)
\inf@bad=\count333
LaTeX Info: Redefining \frac on input line 233.
\uproot@=\count334
\leftroot@=\count335
LaTeX Info: Redefining \overline on input line 398.
LaTeX Info: Redefining \colon on input line 409.
\classnum@=\count336
\DOTSCASE@=\count337
LaTeX Info: Redefining \ldots on input line 495.
LaTeX Info: Redefining \dots on input line 498.
LaTeX Info: Redefining \cdots on input line 619.
\Mathstrutbox@=\box77
\strutbox@=\box78
LaTeX Info: Redefining \big on input line 721.
LaTeX Info: Redefining \Big on input line 722.
LaTeX Info: Redefining \bigg on input line 723.
LaTeX Info: Redefining \Bigg on input line 724.
\big@size=\dimen310
LaTeX Font Info:    Redeclaring font encoding OML on input line 742.
LaTeX Font Info:    Redeclaring font encoding OMS on input line 743.
\macc@depth=\count338
LaTeX Info: Redefining \bmod on input line 904.
LaTeX Info: Redefining \pmod on input line 909.
LaTeX Info: Redefining \smash on input line 939.
LaTeX Info: Redefining \relbar on input line 969.
LaTeX Info: Redefining \Relbar on input line 970.
\c@MaxMatrixCols=\count339
\dotsspace@=\muskip17
\c@parentequation=\count340
\dspbrk@lvl=\count341
\tag@help=\toks41
\row@=\count342
\column@=\count343
\maxfields@=\count344
\andhelp@=\toks42
\eqnshift@=\dimen311
\alignsep@=\dimen312
\tagshift@=\dimen313
\tagwidth@=\dimen314
\totwidth@=\dimen315
\lineht@=\dimen316
\@envbody=\toks43
\multlinegap=\skip60
\multlinetaggap=\skip61
\mathdisplay@stack=\toks44
LaTeX Info: Redefining \[ on input line 2950.
LaTeX Info: Redefining \] on input line 2951.
)
(/usr/share/texlive/texmf-dist/tex/latex/amsfonts/amssymb.sty
Package: amssymb 2013/01/14 v3.01 AMS font symbols

(/usr/share/texlive/texmf-dist/tex/latex/amsfonts/amsfonts.sty
Package: amsfonts 2013/01/14 v3.01 Basic AMSFonts support
\symAMSa=\mathgroup4
\symAMSb=\mathgroup5
LaTeX Font Info:    Redeclaring math symbol \hbar on input line 98.
LaTeX Font Info:    Overwriting math alphabet `\mathfrak' in version `bold'
(Font)                  U/euf/m/n --> U/euf/b/n on input line 106.
))
(/usr/share/texlive/texmf-dist/tex/latex/mathtools/mathtools.sty
Package: mathtools 2024/10/04 v1.31 mathematical typesetting tools

(/usr/share/texlive/texmf-dist/tex/latex/tools/calc.sty
Package: calc 2025/03/01 v4.3b Infix arithmetic (KKT,FJ)
\calc@Acount=\count345
\calc@Bcount=\count346
\calc@Adimen=\dimen317
\calc@Bdimen=\dimen318
\calc@Askip=\skip62
\calc@Bskip=\skip63
LaTeX Info: Redefining \setlength on input line 86.
LaTeX Info: Redefining \addtolength on input line 87.
\calc@Ccount=\count347
\calc@Cskip=\skip64
)
(/usr/share/texlive/texmf-dist/tex/latex/mathtools/mhsetup.sty
Package: mhsetup 2021/03/18 v1.4 programming setup (MH)
)
\g_MT_multlinerow_int=\count348
\l_MT_multwidth_dim=\dimen319
\origjot=\skip65
\l_MT_shortvdotswithinadjustabove_dim=\dimen320
\l_MT_shortvdotswithinadjustbelow_dim=\dimen321
\l_MT_above_intertext_sep=\dimen322
\l_MT_below_intertext_sep=\dimen323
\l_MT_above_shortintertext_sep=\dimen324
\l_MT_below_shortintertext_sep=\dimen325
\xmathstrut@box=\box79
\xmathstrut@dim=\dimen326
)
(/usr/share/texlive/texmf-dist/tex/latex/tools/bm.sty
Package: bm 2025/10/21 v1.2g Bold Symbol Support (DPC/FMi)
\symboldoperators=\mathgroup6
\symboldletters=\mathgroup7
\symboldsymbols=\mathgroup8
Package bm Info: No bold for \OMX/lmex/m/n, using \pmb.
Package bm Info: No bold for \U/msa/m/n, using \pmb.
Package bm Info: No bold for \U/msb/m/n, using \pmb.
LaTeX Font Info:    Redeclaring math alphabet \mathbf on input line 149.
)
(/usr/share/texlive/texmf-dist/tex/latex/minted/minted.sty
Package: minted 2025/05/14 v3.7.0 Yet another Pygments shim for LaTeX

(/usr/share/texlive/texmf-dist/tex/generic/catchfile/catchfile.sty
Package: catchfile 2019/12/09 v1.8 Catch the contents of a file (HO)

(/usr/share/texlive/texmf-dist/tex/generic/infwarerr/infwarerr.sty
Package: infwarerr 2019/12/03 v1.5 Providing info/warning/error messages (HO)
)
(/usr/share/texlive/texmf-dist/tex/generic/ltxcmds/ltxcmds.sty
Package: ltxcmds 2023-12-04 v1.26 LaTeX kernel commands for general use (HO)
)
(/usr/share/texlive/texmf-dist/tex/generic/etexcmds/etexcmds.sty
Package: etexcmds 2019/12/15 v1.7 Avoid name clashes with e-TeX commands (HO)
))
(/usr/share/texlive/texmf-dist/tex/latex/fvextra/fvextra.sty
Package: fvextra 2025/05/29 v1.13.2 fvextra - extensions and patches for fancyv
rb

(/usr/share/texlive/texmf-dist/tex/latex/fancyvrb/fancyvrb.sty
Package: fancyvrb 2025/07/28 4.6 verbatim text (tvz,hv)
\FV@CodeLineNo=\count349
\FV@InFile=\read4
\FV@TabBox=\box80
\c@FancyVerbLine=\count350
\FV@StepNumber=\count351
\FV@OutFile=\write4
)
(/usr/share/texlive/texmf-dist/tex/generic/pdftexcmds/pdftexcmds.sty
Package: pdftexcmds 2020-06-27 v0.33 Utility functions of pdfTeX for LuaTeX (HO
)
Package pdftexcmds Info: \pdf@primitive is available.
Package pdftexcmds Info: \pdf@ifprimitive is available.
Package pdftexcmds Info: \pdfdraftmode found.
)
(/usr/share/texlive/texmf-dist/tex/latex/upquote/upquote.sty
Package: upquote 2012/04/19 v1.3 upright-quote and grave-accent glyphs in verba
tim

(/usr/share/texlive/texmf-dist/tex/latex/base/textcomp.sty
Package: textcomp 2024/04/24 v2.1b Standard LaTeX package
))
(/usr/share/texlive/texmf-dist/tex/latex/lineno/lineno.sty
Package: lineno 2025/05/13 line numbers on paragraphs v5.5

(/usr/share/texlive/texmf-dist/tex/latex/kvoptions/kvoptions.sty
Package: kvoptions 2022-06-15 v3.15 Key value format for package options (HO)

(/usr/share/texlive/texmf-dist/tex/latex/kvsetkeys/kvsetkeys.sty
Package: kvsetkeys 2022-10-05 v1.19 Key value parser (HO)
))
\linenopenalty=\count352
\output=\toks45
\linenoprevgraf=\count353
\linenumbersep=\dimen327
\linenumberwidth=\dimen328
\c@linenumber=\count354
\c@pagewiselinenumber=\count355
\c@LN@truepage=\count356
\c@internallinenumber=\count357
\c@internallinenumbers=\count358
\quotelinenumbersep=\dimen329
\bframerule=\dimen330
\bframesep=\dimen331
\bframebox=\box81
\@LN@amsmath@ams@eqpen=\count359
)
\c@FancyVerbWriteLine=\count360
\c@FancyVerbBufferLine=\count361
\c@FV@TrueTabGroupLevel=\count362
\c@FV@TrueTabCounter=\count363
\FV@TabBox@Group=\box82
\FV@bgcolorstructbox=\box83
\FV@TmpLength=\skip66
\c@FV@HighlightLinesStart=\count364
\c@FV@HighlightLinesStop=\count365
\FV@LoopCount=\count366
\FV@NCharsBox=\box84
\FV@BreakIndent=\dimen332
\FV@BreakIndentNChars=\count367
\FV@BreakSymbolSepLeft=\dimen333
\FV@BreakSymbolSepLeftNChars=\count368
\FV@BreakSymbolSepRight=\dimen334
\FV@BreakSymbolSepRightNChars=\count369
\FV@BreakSymbolIndentLeft=\dimen335
\FV@BreakSymbolIndentLeftNChars=\count370
\FV@BreakSymbolIndentRight=\dimen336
\FV@BreakSymbolIndentRightNChars=\count371
\c@FancyVerbLineBreakLast=\count372
\FV@LineBox=\box85
\FV@LineIndentBox=\box86
\c@FV@BreakBufferDepth=\count373
\FV@LineWidth=\dimen337
)
(/usr/share/texlive/texmf-dist/tex/latex/latex2pydata/latex2pydata.sty
Package: latex2pydata 2025/03/26 v0.6.0 latex2pydata - write data to file in Py
thon literal format
)
(/usr/share/texlive/texmf-dist/tex/latex/pgfopts/pgfopts.sty
Package: pgfopts 2014/07/10 v2.1a LaTeX package options with pgfkeys
\pgfopts@list@add@a@toks=\toks46
\pgfopts@list@add@b@toks=\toks47
)
(/usr/share/texlive/texmf-dist/tex/latex/tools/shellesc.sty
Package: shellesc 2023/07/08 v1.0d unified shell escape interface for LaTeX
Package shellesc Info: Unrestricted shell escape enabled on input line 75.
)
\c@minted@FancyVerbLineTemp=\count374
\@float@every@listing=\toks48
\c@listing=\count375
)
(/usr/share/texlive/texmf-dist/tex/latex/listings/listings.sty
\lst@mode=\count376
\lst@gtempboxa=\box87
\lst@token=\toks49
\lst@length=\count377
\lst@currlwidth=\dimen338
\lst@column=\count378
\lst@pos=\count379
\lst@lostspace=\dimen339
\lst@width=\dimen340
\lst@newlines=\count380
\lst@lineno=\count381
\lst@maxwidth=\dimen341

(/usr/share/texlive/texmf-dist/tex/latex/listings/lstpatch.sty
File: lstpatch.sty 2025/11/14 1.11b (Carsten Heinz)
)
(/usr/share/texlive/texmf-dist/tex/latex/listings/lstmisc.sty
File: lstmisc.sty 2025/11/14 1.11b (Carsten Heinz)
\c@lstnumber=\count382
\lst@skipnumbers=\count383
\lst@framebox=\box88
)
(/usr/share/texlive/texmf-dist/tex/latex/listings/listings.cfg
File: listings.cfg 2025/11/14 1.11b listings configuration
))
Package: listings 2025/11/14 1.11b (Carsten Heinz)

==> First Aid for listings.sty no longer applied!
    Expected:
        2024/09/23 1.10c (Carsten Heinz)
    but found:
        2025/11/14 1.11b (Carsten Heinz)
    so I'm assuming it got fixed.
(/usr/share/texlive/texmf-dist/tex/latex/listings/lstlang1.sty
File: lstlang1.sty 2025/11/14 1.11b listings language file
)
(/usr/share/texlive/texmf-dist/tex/latex/hyperref/hyperref.sty
Package: hyperref 2025-07-12 v7.01o Hypertext links for LaTeX

(/usr/share/texlive/texmf-dist/tex/generic/kvdefinekeys/kvdefinekeys.sty
Package: kvdefinekeys 2019-12-19 v1.6 Define keys (HO)
)
(/usr/share/texlive/texmf-dist/tex/generic/pdfescape/pdfescape.sty
Package: pdfescape 2019/12/09 v1.15 Implements pdfTeX's escape features (HO)
)
(/usr/share/texlive/texmf-dist/tex/latex/hycolor/hycolor.sty
Package: hycolor 2020-01-27 v1.10 Color options for hyperref/bookmark (HO)
)
(/usr/share/texlive/texmf-dist/tex/latex/hyperref/nameref.sty
Package: nameref 2025-06-21 v2.57 Cross-referencing by name of section

(/usr/share/texlive/texmf-dist/tex/latex/refcount/refcount.sty
Package: refcount 2019/12/15 v3.6 Data extraction from label references (HO)
)
(/usr/share/texlive/texmf-dist/tex/generic/gettitlestring/gettitlestring.sty
Package: gettitlestring 2019/12/15 v1.6 Cleanup title references (HO)
)
\c@section@level=\count384
)
(/usr/share/texlive/texmf-dist/tex/generic/stringenc/stringenc.sty
Package: stringenc 2019/11/29 v1.12 Convert strings between diff. encodings (HO
)
)
\@linkdim=\dimen342
\Hy@linkcounter=\count385
\Hy@pagecounter=\count386

(/usr/share/texlive/texmf-dist/tex/latex/hyperref/pd1enc.def
File: pd1enc.def 2025-07-12 v7.01o Hyperref: PDFDocEncoding definition (HO)
Now handling font encoding PD1 ...
... no UTF-8 mapping file for font encoding PD1
)
(/usr/share/texlive/texmf-dist/tex/generic/intcalc/intcalc.sty
Package: intcalc 2019/12/15 v1.3 Expandable calculations with integers (HO)
)
\Hy@SavedSpaceFactor=\count387

(/usr/share/texlive/texmf-dist/tex/latex/hyperref/puenc.def
File: puenc.def 2025-07-12 v7.01o Hyperref: PDF Unicode definition (HO)
Now handling font encoding PU ...
... no UTF-8 mapping file for font encoding PU
)
Package hyperref Info: Option `colorlinks' set `true' on input line 4066.
Package hyperref Info: Option `bookmarksopen' set `true' on input line 4066.
Package hyperref Info: Option `bookmarksnumbered' set `true' on input line 4066
.
Package hyperref Info: Hyper figures OFF on input line 4195.
Package hyperref Info: Link nesting OFF on input line 4200.
Package hyperref Info: Hyper index ON on input line 4203.
Package hyperref Info: Plain pages OFF on input line 4210.
Package hyperref Info: Backreferencing OFF on input line 4215.
Package hyperref Info: Implicit mode ON; LaTeX internals redefined.
Package hyperref Info: Bookmarks ON on input line 4462.
\c@Hy@tempcnt=\count388

(/usr/share/texlive/texmf-dist/tex/latex/url/url.sty
\Urlmuskip=\muskip18
Package: url 2013/09/16  ver 3.4  Verb mode for urls, etc.
)
LaTeX Info: Redefining \url on input line 4801.
\XeTeXLinkMargin=\dimen343

(/usr/share/texlive/texmf-dist/tex/generic/bitset/bitset.sty
Package: bitset 2019/12/09 v1.3 Handle bit-vector datatype (HO)

(/usr/share/texlive/texmf-dist/tex/generic/bigintcalc/bigintcalc.sty
Package: bigintcalc 2019/12/15 v1.5 Expandable calculations on big integers (HO
)
))
\Fld@menulength=\count389
\Field@Width=\dimen344
\Fld@charsize=\dimen345
Package hyperref Info: Hyper figures OFF on input line 6078.
Package hyperref Info: Link nesting OFF on input line 6083.
Package hyperref Info: Hyper index ON on input line 6086.
Package hyperref Info: backreferencing OFF on input line 6093.
Package hyperref Info: Link coloring ON on input line 6096.
Package hyperref Info: Link coloring with OCG OFF on input line 6103.
Package hyperref Info: PDF/A mode OFF on input line 6108.
\Hy@abspage=\count390
\c@Item=\count391
\c@Hfootnote=\count392
)
Package hyperref Info: Driver (autodetected): hpdftex.

(/usr/share/texlive/texmf-dist/tex/latex/hyperref/hpdftex.def
File: hpdftex.def 2025-07-12 v7.01o Hyperref driver for pdfTeX
\Fld@listcount=\count393
\c@bookmark@seq@number=\count394

(/usr/share/texlive/texmf-dist/tex/latex/rerunfilecheck/rerunfilecheck.sty
Package: rerunfilecheck 2025-06-21 v1.11 Rerun checks for auxiliary files (HO)

(/usr/share/texlive/texmf-dist/tex/generic/uniquecounter/uniquecounter.sty
Package: uniquecounter 2019/12/15 v1.4 Provide unlimited unique counter (HO)
)
Package uniquecounter Info: New unique counter `rerunfilecheck' on input line 2
84.
)
\Hy@SectionHShift=\skip67
)
(/usr/share/texlive/texmf-dist/tex/latex/cleveref/cleveref.sty
Package: cleveref 2018/03/27 v0.21.4 Intelligent cross-referencing
Package cleveref Info: `hyperref' support loaded on input line 2370.
LaTeX Info: Redefining \cref on input line 2370.
LaTeX Info: Redefining \Cref on input line 2370.
LaTeX Info: Redefining \crefrange on input line 2370.
LaTeX Info: Redefining \Crefrange on input line 2370.
LaTeX Info: Redefining \cpageref on input line 2370.
LaTeX Info: Redefining \Cpageref on input line 2370.
LaTeX Info: Redefining \cpagerefrange on input line 2370.
LaTeX Info: Redefining \Cpagerefrange on input line 2370.
LaTeX Info: Redefining \labelcref on input line 2370.
LaTeX Info: Redefining \labelcpageref on input line 2370.
Package cleveref Info: `listings' support loaded on input line 3131.
)
==> First Aid for cleveref.sty applied!
(/usr/share/texlive/texmf-dist/tex/latex/fancyhdr/fancyhdr.sty
Package: fancyhdr 2025/02/07 v5.2 Extensive control of page headers and footers

\f@nch@headwidth=\skip68
\f@nch@offset@elh=\skip69
\f@nch@offset@erh=\skip70
\f@nch@offset@olh=\skip71
\f@nch@offset@orh=\skip72
\f@nch@offset@elf=\skip73
\f@nch@offset@erf=\skip74
\f@nch@offset@olf=\skip75
\f@nch@offset@orf=\skip76
\f@nch@height=\skip77
\f@nch@footalignment=\skip78
\f@nch@widthL=\skip79
\f@nch@widthC=\skip80
\f@nch@widthR=\skip81
\@temptokenb=\toks50
)
(/usr/share/texlive/texmf-dist/tex/latex/enumitem/enumitem.sty
Package: enumitem 2025/02/06 v3.11 Customized lists
\labelindent=\skip82
\enit@outerparindent=\dimen346
\enit@toks=\toks51
\enit@inbox=\box89
\enit@count@id=\count395
\enitdp@description=\count396
)
(/usr/share/texlive/texmf-dist/tex/latex/csquotes/csquotes.sty
Package: csquotes 2024-04-04 v5.2o context-sensitive quotations (JAW)
\csq@reset=\count397
\csq@gtype=\count398
\csq@glevel=\count399
\csq@qlevel=\count400
\csq@maxlvl=\count401
\csq@tshold=\count402
\csq@ltx@everypar=\toks52

(/usr/share/texlive/texmf-dist/tex/latex/csquotes/csquotes.def
File: csquotes.def 2024-04-04 v5.2o csquotes generic definitions (JAW)
)
Package csquotes Info: Trying to load configuration file 'csquotes.cfg'...
Package csquotes Info: ... configuration file loaded successfully.

(/usr/share/texlive/texmf-dist/tex/latex/csquotes/csquotes.cfg
File: csquotes.cfg 
))
(/usr/share/texlive/texmf-dist/tex/latex/titlesec/titlesec.sty
Package: titlesec 2025/01/04 v2.17 Sectioning titles
\ttl@box=\box90
\beforetitleunit=\skip83
\aftertitleunit=\skip84
\ttl@plus=\dimen347
\ttl@minus=\dimen348
\ttl@toksa=\toks53
\titlewidth=\dimen349
\titlewidthlast=\dimen350
\titlewidthfirst=\dimen351
)
\tikzscale@accuracy=\skip85
Package csquotes Info: Checking for multilingual support...
Package csquotes Info: ... found 'babel' package.
Package csquotes Info: Adjusting default style.
Package csquotes Info: Redefining alias 'default' -> 'spanish'.
LaTeX Font Info:    Trying to load font information for T1+lmr on input line 16
4.

(/usr/share/texmf/tex/latex/lm/t1lmr.fd
File: t1lmr.fd 2015/05/01 v1.6.1 Font defs for Latin Modern
)

LaTeX Warning: Unused global option(s):
    [twoside].

(./main.aux
LaTeX Info: Redefining \. on input line 11.
LaTeX Info: Redefining \% on input line 11.
Package babel Info: 'spanish' activates 'spanish' shorthands.
(babel)             Reported on input line 11.


LaTeX Warning: Label `eq:cosine' multiply defined.


LaTeX Warning: Label `eq:cosine@cref' multiply defined.

)
\openout1 = `main.aux'.

LaTeX Font Info:    Checking defaults for OML/cmm/m/it on input line 164.
LaTeX Font Info:    ... okay on input line 164.
LaTeX Font Info:    Checking defaults for OMS/cmsy/m/n on input line 164.
LaTeX Font Info:    ... okay on input line 164.
LaTeX Font Info:    Checking defaults for OT1/cmr/m/n on input line 164.
LaTeX Font Info:    ... okay on input line 164.
LaTeX Font Info:    Checking defaults for T1/cmr/m/n on input line 164.
LaTeX Font Info:    ... okay on input line 164.
LaTeX Font Info:    Checking defaults for TS1/cmr/m/n on input line 164.
LaTeX Font Info:    ... okay on input line 164.
LaTeX Font Info:    Checking defaults for OMX/cmex/m/n on input line 164.
LaTeX Font Info:    ... okay on input line 164.
LaTeX Font Info:    Checking defaults for U/cmr/m/n on input line 164.
LaTeX Font Info:    ... okay on input line 164.
LaTeX Font Info:    Checking defaults for PD1/pdf/m/n on input line 164.
LaTeX Font Info:    ... okay on input line 164.
LaTeX Font Info:    Checking defaults for PU/pdf/m/n on input line 164.
LaTeX Font Info:    ... okay on input line 164.
LaTeX Info: Redefining \. on input line 164.
LaTeX Info: Redefining \% on input line 164.

*geometry* driver: auto-detecting
*geometry* detected driver: pdftex
*geometry* verbose mode - [ preamble ] result:
* driver: pdftex
* paper: a4paper
* layout: <same size as paper>
* layoutoffset:(h,v)=(0.0pt,0.0pt)
* modes: twoside 
* h-part:(L,W,R)=(71.13188pt, 455.24411pt, 71.13188pt)
* v-part:(T,H,B)=(71.13188pt, 702.78308pt, 71.13188pt)
* \paperwidth=597.50787pt
* \paperheight=845.04684pt
* \textwidth=455.24411pt
* \textheight=702.78308pt
* \oddsidemargin=-1.1381pt
* \evensidemargin=-1.1381pt
* \topmargin=-35.0119pt
* \headheight=14.0pt
* \headsep=19.8738pt
* \topskip=11.0pt
* \footskip=27.46295pt
* \marginparwidth=106.0pt
* \marginparsep=7.0pt
* \columnsep=10.0pt
* \skip\footins=10.0pt plus 4.0pt minus 2.0pt
* \hoffset=0.0pt
* \voffset=0.0pt
* \mag=1000
* \@twocolumnfalse
* \@twosidetrue
* \@mparswitchtrue
* \@reversemarginfalse
* (1in=72.27pt=25.4mm, 1cm=28.453pt)

(/usr/share/texlive/texmf-dist/tex/context/base/mkii/supp-pdf.mkii
[Loading MPS to PDF converter (version 2006.09.02).]
\scratchcounter=\count403
\scratchdimen=\dimen352
\scratchbox=\box91
\nofMPsegments=\count404
\nofMParguments=\count405
\everyMPshowfont=\toks54
\MPscratchCnt=\count406
\MPscratchDim=\dimen353
\MPnumerator=\count407
\makeMPintoPDFobject=\count408
\everyMPtoPDFconversion=\toks55
) (/usr/share/texlive/texmf-dist/tex/latex/epstopdf-pkg/epstopdf-base.sty
Package: epstopdf-base 2020-01-24 v2.11 Base part for package epstopdf
Package epstopdf-base Info: Redefining graphics rule for `.eps' on input line 4
85.

(/usr/share/texlive/texmf-dist/tex/latex/latexconfig/epstopdf-sys.cfg
File: epstopdf-sys.cfg 2010/07/13 v1.3 Configuration of (r)epstopdf for TeX Liv
e
))
Package caption Info: Begin \AtBeginDocument code.
Package caption Info: hyperref package is loaded.
Package caption Info: listings package is loaded.
Package caption Info: longtable package is loaded.

(/usr/share/texlive/texmf-dist/tex/latex/caption/ltcaption.sty
Package: ltcaption 2021/01/08 v1.4c longtable captions (AR)
)
Package caption Info: End \AtBeginDocument code.
\c@lstlisting=\count409
Package hyperref Info: Link coloring ON on input line 164.
 (./main.out)
(./main.out)
\@outlinefile=\write5
\openout5 = `main.out'.

LaTeX Font Info:    Trying to load font information for T1+lmtt on input line 1
71.
 (/usr/share/texmf/tex/latex/lm/t1lmtt.fd
File: t1lmtt.fd 2015/05/01 v1.6.1 Font defs for Latin Modern
)
LaTeX Font Info:    Trying to load font information for OT1+lmr on input line 1
71.

(/usr/share/texmf/tex/latex/lm/ot1lmr.fd
File: ot1lmr.fd 2015/05/01 v1.6.1 Font defs for Latin Modern
)
LaTeX Font Info:    Trying to load font information for OML+lmm on input line 1
71.

(/usr/share/texmf/tex/latex/lm/omllmm.fd
File: omllmm.fd 2015/05/01 v1.6.1 Font defs for Latin Modern
)
LaTeX Font Info:    Trying to load font information for OMS+lmsy on input line 
171.

(/usr/share/texmf/tex/latex/lm/omslmsy.fd
File: omslmsy.fd 2015/05/01 v1.6.1 Font defs for Latin Modern
)
LaTeX Font Info:    Trying to load font information for OMX+lmex on input line 
171.

(/usr/share/texmf/tex/latex/lm/omxlmex.fd
File: omxlmex.fd 2015/05/01 v1.6.1 Font defs for Latin Modern
)
LaTeX Font Info:    External font `lmex10' loaded for size
(Font)              <12> on input line 171.
LaTeX Font Info:    External font `lmex10' loaded for size
(Font)              <8> on input line 171.
LaTeX Font Info:    External font `lmex10' loaded for size
(Font)              <6> on input line 171.
LaTeX Font Info:    Trying to load font information for U+msa on input line 171
.

(/usr/share/texlive/texmf-dist/tex/latex/amsfonts/umsa.fd
File: umsa.fd 2013/01/14 v3.01 AMS symbols A
)
LaTeX Font Info:    Trying to load font information for U+msb on input line 171
.

(/usr/share/texlive/texmf-dist/tex/latex/amsfonts/umsb.fd
File: umsb.fd 2013/01/14 v3.01 AMS symbols B
) [1



{/var/lib/texmf/fonts/map/pdftex/updmap/pdftex.map}{/usr/share/texmf/fonts/enc/
dvips/lm/lm-ec.enc}] [2] (./main.toc
LaTeX Info: Redefining \. on input line 1.
LaTeX Info: Redefining \% on input line 1.
LaTeX Font Info:    External font `lmex10' loaded for size
(Font)              <10.95> on input line 3.
 [3

]
LaTeX Font Info:    Trying to load font information for TS1+lmr on input line 7
0.
 (/usr/share/texmf/tex/latex/lm/ts1lmr.fd
File: ts1lmr.fd 2015/05/01 v1.6.1 Font defs for Latin Modern
)
LaTeX Info: Redefining \. on input line 90.
LaTeX Info: Redefining \% on input line 90.
Package babel Info: 'spanish' activates 'spanish' shorthands.
(babel)             Reported on input line 90.
 [4{/usr/share/texmf/fonts/enc/dvips/lm/lm-ts1.enc}]
Overfull \hbox (2.79823pt too wide) detected at line 122
\T1/lmr/m/n/10.95 10.10. 
 []

LaTeX Info: Redefining \. on input line 139.
LaTeX Info: Redefining \% on input line 139.
[5]
Overfull \hbox (2.79823pt too wide) detected at line 149
\T1/lmr/m/n/10.95 12.10. 
 []


Overfull \hbox (2.79823pt too wide) detected at line 150
\T1/lmr/m/n/10.95 12.11. 
 []

)
\tf@toc=\write6
\openout6 = `main.toc'.

LaTeX Info: Redefining \. on input line 201.
LaTeX Info: Redefining \% on input line 201.
 [6] (./main.lof
LaTeX Info: Redefining \. on input line 1.
LaTeX Info: Redefining \% on input line 1.
)
\tf@lof=\write7
\openout7 = `main.lof'.

 [7

] (./main.lot
LaTeX Info: Redefining \. on input line 1.
LaTeX Info: Redefining \% on input line 1.
)
\tf@lot=\write8
\openout8 = `main.lot'.

 [8

{/usr/share/texmf/fonts/enc/dvips/lm/lm-rm.enc}{/usr/share/texmf/fonts/enc/dvip
s/lm/lm-mathsy.enc}{/usr/share/texmf/fonts/enc/dvips/lm/lm-mathit.enc}] (./main
.lol)
\tf@lol=\write9
\openout9 = `main.lol'.

 [9

]
LaTeX Info: Redefining \. on input line 208.
LaTeX Info: Redefining \% on input line 208.
 [10

] (./chapters/00_prologo.tex
Cap\'{\i }tulo 1.
LaTeX Font Info:    Font shape `T1/lmtt/bx/n' in size <10.95> not available
(Font)              Font shape `T1/lmtt/b/n' tried instead on input line 54.
[1

]
Overfull \hbox (0.76851pt too wide) in paragraph at lines 96--103
\T1/lmr/m/n/10.95 Mul-ti-ca-me-ra Net-works'', \T1/lmr/m/it/10.95 IEEE Ac-cess\
T1/lmr/m/n/10.95 , no-viem-bre de 2024. DOI: [][]10.1109/AC-CESS.2024.3501382[]
[]. 
 []

) (./chapters/01_introduccion.tex
LaTeX Info: Redefining \. on input line 4.
LaTeX Info: Redefining \% on input line 4.
 [2]
Cap\'{\i }tulo 2.

LaTeX Warning: Citation `agyeman2024decentralized' on page 3 undefined on input
 line 28.

[3

]

LaTeX Warning: Citation `agyeman2024decentralized' on page 4 undefined on input
 line 82.


LaTeX Warning: Citation `li2017personsearch' on page 4 undefined on input line 
104.


Overfull \hbox (39.6808pt too wide) in paragraph at lines 124--131
\T1/lmr/m/n/10.95 te pro-yec-to se usa una ver-si�n al-ter-na-ti-va des-car-ga-
da de \T1/lmr/m/it/10.95 Hug-ging-Fa-ce \T1/lmr/m/n/10.95 (\T1/lmtt/m/n/10.95 P
eterPanTheGenius/CUHK-PEDES\T1/lmr/m/n/10.95 )
 []

) (./chapters/02_arquitectura_teorica.tex
LaTeX Info: Redefining \. on input line 4.
LaTeX Info: Redefining \% on input line 4.
 [4]
Cap\'{\i }tulo 3.
[5

] (./figures/arquitectura_textreidnet.tikz
LaTeX Font Info:    Trying to load font information for T1+lmss on input line 3
8.

(/usr/share/texmf/tex/latex/lm/t1lmss.fd
File: t1lmss.fd 2015/05/01 v1.6.1 Font defs for Latin Modern
)
LaTeX Font Info:    External font `lmex10' loaded for size
(Font)              <10> on input line 38.
LaTeX Font Info:    External font `lmex10' loaded for size
(Font)              <7> on input line 38.
LaTeX Font Info:    External font `lmex10' loaded for size
(Font)              <5> on input line 38.
)
Overfull \hbox (182.0245pt too wide) in paragraph at lines 104--164
 [][] 
 []


Underfull \vbox (badness 8019) has occurred while \output is active []

LaTeX Info: Redefining \. on input line 167.
LaTeX Info: Redefining \% on input line 167.
 [6]
Overfull \hbox (80.367pt too wide) in paragraph at lines 178--254
 [][] 
 []


Underfull \vbox (badness 10000) has occurred while \output is active []

LaTeX Info: Redefining \. on input line 255.
LaTeX Info: Redefining \% on input line 255.
 [7]

LaTeX Warning: Citation `tan2019efficientnet' on page 8 undefined on input line
 260.


LaTeX Warning: Citation `howard2017mobilenets' on page 8 undefined on input lin
e 278.

LaTeX Info: Redefining \. on input line 293.
LaTeX Info: Redefining \% on input line 293.
[8]) (./chapters/03_sistema_descentralizado.tex
LaTeX Info: Redefining \. on input line 4.
LaTeX Info: Redefining \% on input line 4.
 [9]
Cap\'{\i }tulo 4.
[10

]

LaTeX Warning: Citation `grinberg2018flask' on page 11 undefined on input line 
120.

LaTeX Info: Redefining \. on input line 164.
LaTeX Info: Redefining \% on input line 164.
[11]) (./chapters/04_dataset.tex
LaTeX Info: Redefining \. on input line 4.
LaTeX Info: Redefining \% on input line 4.
 [12]
Cap\'{\i }tulo 5.

LaTeX Warning: Citation `li2017personsearch' on page 13 undefined on input line
 15.


Overfull \hbox (53.03493pt too wide) in paragraph at lines 61--64
[]\T1/lmr/m/n/10.95 Despu�s de eje-cu-tar \T1/lmtt/m/n/10.95 scripts/download_h
f_dataset.py\T1/lmr/m/n/10.95 , la ver-si�n HF que-da en \T1/lmtt/m/n/10.95 dat
a/CUHK-PEDES-HF/
 []

LaTeX Font Info:    Trying to load font information for TS1+lmtt on input line 
74.
(/usr/share/texmf/tex/latex/lm/ts1lmtt.fd
File: ts1lmtt.fd 2015/05/01 v1.6.1 Font defs for Latin Modern
)
LaTeX Font Info:    Font shape `T1/lmtt/bx/n' in size <12> not available
(Font)              Font shape `T1/lmtt/b/n' tried instead on input line 76.


! Package pgfkeys Error: I do not know the key '/minted/cmd/basicstyle', to whi
ch you passed '\ttfamily \small ', and I am going to ignore it. Perhaps you mis
spelled it.

See the pgfkeys package documentation for explanation.
Type  H <return>  for immediate help.
 ...                                              
                                                  
l.81 ...yle=\ttfamily\small, frame=single]{python}
                                                  
This error message was generated by an \errmessage
command, so I can't give any explicit help.
Pretend that you're Hercule Poirot: Examine all clues,
and deduce the truth by order and method.

\pydata@fh@0=\write10
\openout10 = `_FAD58DE7366495DB4650CFEFAC2FCD61.data.minted'.

runsystem(latexminted config  --timestamp 20260914235643 FAD58DE7366495DB4650CF
EFAC2FCD61)...executed.

(./_FAD58DE7366495DB4650CFEFAC2FCD61.config.minted)
runsystem(latexminted cleanconfig  --timestamp 20260914235643 FAD58DE7366495DB4
650CFEFAC2FCD61)...executed.


(./_minted/manni.style.minted)
(./_minted/2B7DE4403BB7439225C69E3CE86AD817.highlight.minted [13

]

LaTeX Font Warning: Font shape `T1/lmtt/bf/tt' undefined
(Font)              using `T1/lmtt/m/n' instead on input line 1.


LaTeX Font Warning: Font shape `T1/lmr/bf/tt' undefined
(Font)              using `T1/lmr/m/n' instead on input line 2.

)

! Package pgfkeys Error: I do not know the key '/minted/cmd/basicstyle', to whi
ch you passed '\ttfamily \small ', and I am going to ignore it. Perhaps you mis
spelled it.

See the pgfkeys package documentation for explanation.
Type  H <return>  for immediate help.
 ...                                              
                                                  
l.113 ...le=\ttfamily\small, frame=single]{python}
                                                  
(That was another \errmessage.)

(./_minted/C8C30C83120F8E24290ED400AB231677.highlight.minted

LaTeX Font Warning: Font shape `T1/lmtt/bf/it' undefined
(Font)              using `T1/lmtt/m/n' instead on input line 2.

)

! Package pgfkeys Error: I do not know the key '/minted/cmd/linerange', to whic
h you passed '62-71', and I am going to ignore it. Perhaps you misspelled it.

See the pgfkeys package documentation for explanation.
Type  H <return>  for immediate help.
 ...                                              
                                                  
l.139 ... firstnumber=62, linerange=62-71]{python}
                                                  
(That was another \errmessage.)

(./_minted/261E4E69476B7BA77D03C5DEB4511485.highlight.minted

LaTeX Font Warning: Font shape `T1/lmtt/bx/tt' undefined
(Font)              using `T1/lmtt/bx/n' instead on input line 2.

LaTeX Font Info:    Font shape `T1/lmtt/bx/n' in size <9> not available
(Font)              Font shape `T1/lmtt/b/n' tried instead on input line 2.
LaTeX Font Info:    Font shape `T1/lmtt/bx/tt' in size <9> not available
(Font)              Font shape `T1/lmtt/b/n' tried instead on input line 6.

LaTeX Font Warning: Font shape `TS1/lmtt/bf/tt' undefined
(Font)              using `TS1/lmtt/m/n' instead
(Font)              for symbol `textquotesingle' on input line 7.

)
LaTeX Info: Redefining \. on input line 159.
LaTeX Info: Redefining \% on input line 159.
 [14]
Overfull \hbox (38.48534pt too wide) in paragraph at lines 162--166
\T1/lmr/m/n/10.95 cons-tru-ye los \T1/lmtt/m/n/10.95 DataLoader\T1/lmr/m/n/10.9
5 s de Py-Torch. Su fun-ci�n prin-ci-pal es \T1/lmtt/m/n/10.95 build_cuhkpedes_
dataloader(config)\T1/lmr/m/n/10.95 . 
 []


! Package pgfkeys Error: I do not know the key '/minted/cmd/linerange', to whic
h you passed '22-86', and I am going to ignore it. Perhaps you misspelled it.

See the pgfkeys package documentation for explanation.
Type  H <return>  for immediate help.
 ...                                              
                                                  
l.167 ... firstnumber=22, linerange=22-86]{python}
                                                  
(That was another \errmessage.)

(./_minted/BC18D4CF22D841A4859A23C34676AD96.highlight.minted)
LaTeX Font Info:    Font shape `T1/lmtt/bx/n' in size <14.4> not available
(Font)              Font shape `T1/lmtt/b/n' tried instead on input line 209.

Overfull \hbox (29.70512pt too wide) in paragraph at lines 211--213
[]\T1/lmr/m/n/10.95 Es el \T1/lmtt/m/n/10.95 Dataset \T1/lmr/m/n/10.95 de Py-To
rch que pro-du-ce un batch mix-to ima-gen+texto. Vi-ve en \T1/lmtt/m/n/10.95 da
tasets/bases.py\T1/lmr/m/n/10.95 .
 []


! Package pgfkeys Error: I do not know the key '/minted/cmd/linerange', to whic
h you passed '124-151', and I am going to ignore it. Perhaps you misspelled it.


See the pgfkeys package documentation for explanation.
Type  H <return>  for immediate help.
 ...                                              
                                                  
l.214 ...rstnumber=124, linerange=124-151]{python}
                                                  
(That was another \errmessage.)

(./_minted/9CB5CE47B4D07F22EBF19B1E19F91C28.highlight.minted
LaTeX Info: Redefining \. on input line 7.
LaTeX Info: Redefining \% on input line 7.
 [15])
Overfull \hbox (42.19107pt too wide) in paragraph at lines 239--242
\T1/lmr/m/n/10.95 Cada item del da-ta-set de-vuel-ve un dic-cio-na-rio con 8 cl
a-ves. El \T1/lmtt/m/n/10.95 collate \T1/lmr/m/n/10.95 (utils/miscellaneous_uti
ls.py:\T1/lmr/bx/n/10.95 189\T1/lmr/m/n/10.95 )
 []


! Package pgfkeys Error: I do not know the key '/minted/cmd/linerange', to whic
h you passed '43-83', and I am going to ignore it. Perhaps you misspelled it.

See the pgfkeys package documentation for explanation.
Type  H <return>  for immediate help.
 ...                                              
                                                  
l.247 ... firstnumber=43, linerange=43-83]{python}
                                                  
(That was another \errmessage.)

(./_minted/D45B701B86295655EDD80FF0A8BBB76E.highlight.minted)

LaTeX Warning: Command \textasciitilde invalid in math mode on input line 273.


LaTeX Warning: Command \textasciitilde invalid in math mode on input line 274.


! Package pgfkeys Error: I do not know the key '/minted/cmd/linerange', to whic
h you passed '10-19', and I am going to ignore it. Perhaps you misspelled it.

See the pgfkeys package documentation for explanation.
Type  H <return>  for immediate help.
 ...                                              
                                                  
l.287 ... firstnumber=10, linerange=10-19]{python}
                                                  
(That was another \errmessage.)

(./_minted/B88EF13C2936248806B5617D5AAE1626.highlight.minted
LaTeX Info: Redefining \. on input line 1.
LaTeX Info: Redefining \% on input line 1.
 [16])
Overfull \hbox (51.90906pt too wide) in paragraph at lines 301--306
\T1/lmr/bx/n/10.95 Otros to-ke-ni-zers \T1/lmr/m/n/10.95 dis-po-ni-bles en \T1/
lmtt/m/n/10.95 datasets/simple_tokenizer.py \T1/lmr/m/n/10.95 y \T1/lmtt/m/n/10
.95 datasets/tiktoken_tokenizer.py\T1/lmr/m/n/10.95 ,
 []


! Package pgfkeys Error: I do not know the key '/minted/cmd/linerange', to whic
h you passed '86-107', and I am going to ignore it. Perhaps you misspelled it.

See the pgfkeys package documentation for explanation.
Type  H <return>  for immediate help.
 ...                                              
                                                  
l.313 ...firstnumber=86, linerange=86-107]{python}
                                                  
(That was another \errmessage.)

(./_minted/A05535EBFF691C13EAC49915E64368F3.highlight.minted)

! Package pgfkeys Error: I do not know the key '/minted/cmd/basicstyle', to whi
ch you passed '\ttfamily \small ', and I am going to ignore it. Perhaps you mis
spelled it.

See the pgfkeys package documentation for explanation.
Type  H <return>  for immediate help.
 ...                                              
                                                  
l.337 ...le=\ttfamily\small, frame=single]{python}
                                                  
(That was another \errmessage.)

(./_minted/8B55427366B8062D270279D12E294233.highlight.minted)
LaTeX Info: Redefining \. on input line 355.
LaTeX Info: Redefining \% on input line 355.
 [17])
(./chapters/05_configuracion.tex
LaTeX Info: Redefining \. on input line 4.
LaTeX Info: Redefining \% on input line 4.
 [18]
Cap\'{\i }tulo 6.

! Package pgfkeys Error: I do not know the key '/minted/cmd/linerange', to whic
h you passed '14-17', and I am going to ignore it. Perhaps you misspelled it.

See the pgfkeys package documentation for explanation.
Type  H <return>  for immediate help.
 ...                                              
                                                  
l.14 ..., firstnumber=14, linerange=14-17]{python}
                                                  
(That was another \errmessage.)

(./_minted/8B60B95C68817238476C9F0D92D3849B.highlight.minted)

! Package pgfkeys Error: I do not know the key '/minted/cmd/linerange', to whic
h you passed '20-31', and I am going to ignore it. Perhaps you misspelled it.

See the pgfkeys package documentation for explanation.
Type  H <return>  for immediate help.
 ...                                              
                                                  
l.31 ..., firstnumber=20, linerange=20-31]{python}
                                                  
(That was another \errmessage.)

(./_minted/877FBFA23CFC8615D77A099FDD8E008A.highlight.minted) [19

]
Overfull \hbox (15.39003pt too wide) in paragraph at lines 102--103
[]|\T1/lmtt/m/n/10.95 CUHKPEDES_image_size| 
 []


Underfull \hbox (badness 10000) in paragraph at lines 114--115
[]|\T1/lmr/m/n/10.95 [0.355, 0.330,
 []


Underfull \hbox (badness 10000) in paragraph at lines 119--120
[]|\T1/lmr/m/n/10.95 [0.348, 0.334,
 []


Underfull \hbox (badness 10000) in paragraph at lines 124--125
[]|\T1/lmr/m/n/10.95 [0.485, 0.456,
 []


Underfull \hbox (badness 10000) in paragraph at lines 129--130
[]|\T1/lmr/m/n/10.95 [0.229, 0.224,
 []


Underfull \vbox (badness 1931) has occurred while \output is active []

LaTeX Info: Redefining \. on input line 196.
LaTeX Info: Redefining \% on input line 196.
 [20]
Overfull \hbox (3.89256pt too wide) in paragraph at lines 210--211
[]|\T1/lmtt/m/n/10.95 ranking_loss_alpha| 
 []


Overfull \hbox (3.89256pt too wide) in paragraph at lines 215--216
[]|\T1/lmtt/m/n/10.95 identity_loss_beta| 
 []

LaTeX Info: Redefining \. on input line 252.
LaTeX Info: Redefining \% on input line 252.
[21]

! Package pgfkeys Error: I do not know the key '/minted/cmd/basicstyle', to whi
ch you passed '\ttfamily \small ', and I am going to ignore it. Perhaps you mis
spelled it.

See the pgfkeys package documentation for explanation.
Type  H <return>  for immediate help.
 ...                                              
                                                  
l.259 ...le=\ttfamily\small, frame=single]{python}
                                                  
(That was another \errmessage.)

(./_minted/676958C5DE1D18A461CF488B762BFF82.highlight.minted)

! Package pgfkeys Error: I do not know the key '/minted/cmd/linerange', to whic
h you passed '121-129', and I am going to ignore it. Perhaps you misspelled it.


See the pgfkeys package documentation for explanation.
Type  H <return>  for immediate help.
 ...                                              
                                                  
l.278 ...rstnumber=121, linerange=121-129]{python}
                                                  
(That was another \errmessage.)

(./_minted/50F28EB4B44515799B5C444BC2586DEF.highlight.minted)

! Package pgfkeys Error: I do not know the key '/minted/cmd/basicstyle', to whi
ch you passed '\ttfamily \small ', and I am going to ignore it. Perhaps you mis
spelled it.

See the pgfkeys package documentation for explanation.
Type  H <return>  for immediate help.
 ...                                              
                                                  
l.313 ...le=\ttfamily\small, frame=single]{python}
                                                  
(That was another \errmessage.)

(./_minted/AB3CA2D047891EC4ECCFEA5206E21D7B.highlight.minted
LaTeX Info: Redefining \. on input line 1.
LaTeX Info: Redefining \% on input line 1.
 [22]))
(./chapters/06_visual_network.tex
LaTeX Info: Redefining \. on input line 4.
LaTeX Info: Redefining \% on input line 4.
 [23]
Cap\'{\i }tulo 7.

LaTeX Warning: Citation `tan2019efficientnet' on page 24 undefined on input lin
e 22.

[24

]

LaTeX Warning: Citation `howard2017mobilenets' on page 25 undefined on input li
ne 102.

LaTeX Font Info:    External font `lmex10' loaded for size
(Font)              <9> on input line 129.

Underfull \vbox (badness 10000) has occurred while \output is active []

LaTeX Info: Redefining \. on input line 151.
LaTeX Info: Redefining \% on input line 151.
 [25]

! Package pgfkeys Error: I do not know the key '/minted/cmd/language', to which
 you passed 'Python', and I am going to ignore it. Perhaps you misspelled it.

See the pgfkeys package documentation for explanation.
Type  H <return>  for immediate help.
 ...                                              
                                                  
l.175 ...s, firstnumber=7, linerange=7-39]{python}
                                                  
(That was another \errmessage.)


! Package pgfkeys Error: I do not know the key '/minted/cmd/linerange', to whic
h you passed '7-39', and I am going to ignore it. Perhaps you misspelled it.

See the pgfkeys package documentation for explanation.
Type  H <return>  for immediate help.
 ...                                              
                                                  
l.175 ...s, firstnumber=7, linerange=7-39]{python}
                                                  
(That was another \errmessage.)

(./_minted/34BC04C9325B4D4F66118CFB9D09A514.highlight.minted

LaTeX Font Warning: Font shape `TS1/lmtt/bf/it' undefined
(Font)              using `TS1/lmtt/m/n' instead
(Font)              for symbol `textasciigrave' on input line 16.

LaTeX Info: Redefining \. on input line 21.
LaTeX Info: Redefining \% on input line 21.
[26])

! Package pgfkeys Error: I do not know the key '/minted/cmd/language', to which
 you passed 'Python', and I am going to ignore it. Perhaps you misspelled it.

See the pgfkeys package documentation for explanation.
Type  H <return>  for immediate help.
 ...                                              
                                                  
l.215 ...rstnumber=259, linerange=259-287]{python}
                                                  
(That was another \errmessage.)


! Package pgfkeys Error: I do not know the key '/minted/cmd/linerange', to whic
h you passed '259-287', and I am going to ignore it. Perhaps you misspelled it.


See the pgfkeys package documentation for explanation.
Type  H <return>  for immediate help.
 ...                                              
                                                  
l.215 ...rstnumber=259, linerange=259-287]{python}
                                                  
(That was another \errmessage.)

(./_minted/64D4B2D1B1C88B5A8CDFC7AA70FBE80C.highlight.minted
LaTeX Info: Redefining \. on input line 41.
LaTeX Info: Redefining \% on input line 41.
 [27])

! Package pgfkeys Error: I do not know the key '/minted/cmd/language', to which
 you passed 'Python', and I am going to ignore it. Perhaps you misspelled it.

See the pgfkeys package documentation for explanation.
Type  H <return>  for immediate help.
 ...                                              
                                                  
l.289 ...le=\ttfamily\small, frame=single]{python}
                                                  
(That was another \errmessage.)


! Package pgfkeys Error: I do not know the key '/minted/cmd/basicstyle', to whi
ch you passed '\ttfamily \small ', and I am going to ignore it. Perhaps you mis
spelled it.

See the pgfkeys package documentation for explanation.
Type  H <return>  for immediate help.
 ...                                              
                                                  
l.289 ...le=\ttfamily\small, frame=single]{python}
                                                  
(That was another \errmessage.)

(./_minted/63A1AE63E3435A9068CF3C48B8559B40.highlight.minted))
(./chapters/07_language_network.tex
Underfull \vbox (badness 5189) has occurred while \output is active []

LaTeX Info: Redefining \. on input line 4.
LaTeX Info: Redefining \% on input line 4.
 [28]
LaTeX Info: Redefining \. on input line 4.
LaTeX Info: Redefining \% on input line 4.

[29]
Cap\'{\i }tulo 8.

LaTeX Warning: Citation `devlin2018bert' on page 30 undefined on input line 15.


[30

]

LaTeX Warning: Citation `cho2014gru' on page 31 undefined on input line 94.

LaTeX Info: Redefining \. on input line 135.
LaTeX Info: Redefining \% on input line 135.
[31]

! Package pgfkeys Error: I do not know the key '/minted/cmd/language', to which
 you passed 'Python', and I am going to ignore it. Perhaps you misspelled it.

See the pgfkeys package documentation for explanation.
Type  H <return>  for immediate help.
 ...                                              
                                                  
l.144 ... firstnumber=11, linerange=11-41]{python}
                                                  
(That was another \errmessage.)


! Package pgfkeys Error: I do not know the key '/minted/cmd/linerange', to whic
h you passed '11-41', and I am going to ignore it. Perhaps you misspelled it.

See the pgfkeys package documentation for explanation.
Type  H <return>  for immediate help.
 ...                                              
                                                  
l.144 ... firstnumber=11, linerange=11-41]{python}
                                                  
(That was another \errmessage.)

(./_minted/37290C0A8BDBEFEA5967EE9A55443C3E.highlight.minted)

! Package pgfkeys Error: I do not know the key '/minted/cmd/language', to which
 you passed 'Python', and I am going to ignore it. Perhaps you misspelled it.

See the pgfkeys package documentation for explanation.
Type  H <return>  for immediate help.
 ...                                              
                                                  
l.194 ... firstnumber=44, linerange=44-69]{python}
                                                  
(That was another \errmessage.)


! Package pgfkeys Error: I do not know the key '/minted/cmd/linerange', to whic
h you passed '44-69', and I am going to ignore it. Perhaps you misspelled it.

See the pgfkeys package documentation for explanation.
Type  H <return>  for immediate help.
 ...                                              
                                                  
l.194 ... firstnumber=44, linerange=44-69]{python}
                                                  
(That was another \errmessage.)

(./_minted/E50B91B699268B278968F63412D3E5DA.highlight.minted
LaTeX Info: Redefining \. on input line 2.
LaTeX Info: Redefining \% on input line 2.
 [32])

! Package pgfkeys Error: I do not know the key '/minted/cmd/language', to which
 you passed 'Python', and I am going to ignore it. Perhaps you misspelled it.

See the pgfkeys package documentation for explanation.
Type  H <return>  for immediate help.
 ...                                              
                                                  
l.246 ... firstnumber=10, linerange=10-19]{python}
                                                  
(That was another \errmessage.)


! Package pgfkeys Error: I do not know the key '/minted/cmd/linerange', to whic
h you passed '10-19', and I am going to ignore it. Perhaps you misspelled it.

See the pgfkeys package documentation for explanation.
Type  H <return>  for immediate help.
 ...                                              
                                                  
l.246 ... firstnumber=10, linerange=10-19]{python}
                                                  
(That was another \errmessage.)

(./_minted/A3FE00487E4A44626FB0E0AC02EBDF97.highlight.minted
LaTeX Info: Redefining \. on input line 10.
LaTeX Info: Redefining \% on input line 10.
 [33])

! Package pgfkeys Error: I do not know the key '/minted/cmd/language', to which
 you passed 'Python', and I am going to ignore it. Perhaps you misspelled it.

See the pgfkeys package documentation for explanation.
Type  H <return>  for immediate help.
 ...                                              
                                                  
l.270 ...firstnumber=86, linerange=86-107]{python}
                                                  
(That was another \errmessage.)


! Package pgfkeys Error: I do not know the key '/minted/cmd/linerange', to whic
h you passed '86-107', and I am going to ignore it. Perhaps you misspelled it.

See the pgfkeys package documentation for explanation.
Type  H <return>  for immediate help.
 ...                                              
                                                  
l.270 ...firstnumber=86, linerange=86-107]{python}
                                                  
(That was another \errmessage.)

(./_minted/7FCC677DE544562315695814595AEFC7.highlight.minted)

! Package pgfkeys Error: I do not know the key '/minted/cmd/language', to which
 you passed 'Python', and I am going to ignore it. Perhaps you misspelled it.

See the pgfkeys package documentation for explanation.
Type  H <return>  for immediate help.
 ...                                              
                                                  
l.292 ...le=\ttfamily\small, frame=single]{python}
                                                  
(That was another \errmessage.)


! Package pgfkeys Error: I do not know the key '/minted/cmd/basicstyle', to whi
ch you passed '\ttfamily \small ', and I am going to ignore it. Perhaps you mis
spelled it.

See the pgfkeys package documentation for explanation.
Type  H <return>  for immediate help.
 ...                                              
                                                  
l.292 ...le=\ttfamily\small, frame=single]{python}
                                                  
(That was another \errmessage.)

(./_minted/EAB284DDFA75F92ED8FDBC4B9A989E43.highlight.minted
LaTeX Info: Redefining \. on input line 25.
LaTeX Info: Redefining \% on input line 25.
 [34]))
(./chapters/08_textreidnet.tex
LaTeX Info: Redefining \. on input line 4.
LaTeX Info: Redefining \% on input line 4.
 [35]
Cap\'{\i }tulo 9.

Overfull \hbox (6.4995pt too wide) in paragraph at lines 4--4
|\T1/lmr/bx/n/24.88 TextReIDNet: joint em-bed-ding visual-
 []

[36

]

! Package pgfkeys Error: I do not know the key '/minted/cmd/language', to which
 you passed 'Python', and I am going to ignore it. Perhaps you misspelled it.

See the pgfkeys package documentation for explanation.
Type  H <return>  for immediate help.
 ...                                              
                                                  
l.118 ... firstnumber=13, linerange=13-44]{python}
                                                  
(That was another \errmessage.)


! Package pgfkeys Error: I do not know the key '/minted/cmd/linerange', to whic
h you passed '13-44', and I am going to ignore it. Perhaps you misspelled it.

See the pgfkeys package documentation for explanation.
Type  H <return>  for immediate help.
 ...                                              
                                                  
l.118 ... firstnumber=13, linerange=13-44]{python}
                                                  
(That was another \errmessage.)

(./_minted/2C227C84D1ABDBD89082A678420DD9B1.highlight.minted
LaTeX Info: Redefining \. on input line 22.
LaTeX Info: Redefining \% on input line 22.
 [37])

! Package pgfkeys Error: I do not know the key '/minted/cmd/language', to which
 you passed 'Python', and I am going to ignore it. Perhaps you misspelled it.

See the pgfkeys package documentation for explanation.
Type  H <return>  for immediate help.
 ...                                              
                                                  
l.158 ... firstnumber=45, linerange=45-59]{python}
                                                  
(That was another \errmessage.)


! Package pgfkeys Error: I do not know the key '/minted/cmd/linerange', to whic
h you passed '45-59', and I am going to ignore it. Perhaps you misspelled it.

See the pgfkeys package documentation for explanation.
Type  H <return>  for immediate help.
 ...                                              
                                                  
l.158 ... firstnumber=45, linerange=45-59]{python}
                                                  
(That was another \errmessage.)

(./_minted/B704208A898BE5680003721444BAC0B7.highlight.minted)

! Package pgfkeys Error: I do not know the key '/minted/cmd/language', to which
 you passed 'Python', and I am going to ignore it. Perhaps you misspelled it.

See the pgfkeys package documentation for explanation.
Type  H <return>  for immediate help.
 ...                                              
                                                  
l.175 ... firstnumber=62, linerange=62-72]{python}
                                                  
(That was another \errmessage.)


! Package pgfkeys Error: I do not know the key '/minted/cmd/linerange', to whic
h you passed '62-72', and I am going to ignore it. Perhaps you misspelled it.

See the pgfkeys package documentation for explanation.
Type  H <return>  for immediate help.
 ...                                              
                                                  
l.175 ... firstnumber=62, linerange=62-72]{python}
                                                  
(That was another \errmessage.)

(./_minted/25AEBB9F468106D72FEC4A2AC3803454.highlight.minted
LaTeX Info: Redefining \. on input line 25.
LaTeX Info: Redefining \% on input line 25.
 [38])

! Package pgfkeys Error: I do not know the key '/minted/cmd/language', to which
 you passed 'Python', and I am going to ignore it. Perhaps you misspelled it.

See the pgfkeys package documentation for explanation.
Type  H <return>  for immediate help.
 ...                                              
                                                  
l.209 ... firstnumber=75, linerange=75-89]{python}
                                                  
(That was another \errmessage.)


! Package pgfkeys Error: I do not know the key '/minted/cmd/linerange', to whic
h you passed '75-89', and I am going to ignore it. Perhaps you misspelled it.

See the pgfkeys package documentation for explanation.
Type  H <return>  for immediate help.
 ...                                              
                                                  
l.209 ... firstnumber=75, linerange=75-89]{python}
                                                  
(That was another \errmessage.)

(./_minted/2A5F5E24BB3144CBAF38A2F5ABDF8C90.highlight.minted)
Underfull \vbox (badness 10000) has occurred while \output is active []

LaTeX Info: Redefining \. on input line 280.
LaTeX Info: Redefining \% on input line 280.
 [39]

! Package pgfkeys Error: I do not know the key '/minted/cmd/language', to which
 you passed 'Python', and I am going to ignore it. Perhaps you misspelled it.

See the pgfkeys package documentation for explanation.
Type  H <return>  for immediate help.
 ...                                              
                                                  
l.296 ...le=\ttfamily\small, frame=single]{python}
                                                  
(That was another \errmessage.)


! Package pgfkeys Error: I do not know the key '/minted/cmd/basicstyle', to whi
ch you passed '\ttfamily \small ', and I am going to ignore it. Perhaps you mis
spelled it.

See the pgfkeys package documentation for explanation.
Type  H <return>  for immediate help.
 ...                                              
                                                  
l.296 ...le=\ttfamily\small, frame=single]{python}
                                                  
(That was another \errmessage.)

(./_minted/ED2576FF26881ED3F6BAC95665D0E3E8.highlight.minted
LaTeX Info: Redefining \. on input line 22.
LaTeX Info: Redefining \% on input line 22.
 [40]))
(./chapters/09_losses.tex
LaTeX Info: Redefining \. on input line 4.
LaTeX Info: Redefining \% on input line 4.
 [41]
Cap\'{\i }tulo 10.

LaTeX Warning: Citation `schroff2015facenet' on page 42 undefined on input line
 29.

[42

]

LaTeX Warning: Citation `schroff2015facenet' on page 43 undefined on input line
 77.


! Package pgfkeys Error: I do not know the key '/minted/cmd/language', to which
 you passed 'Python', and I am going to ignore it. Perhaps you misspelled it.

See the pgfkeys package documentation for explanation.
Type  H <return>  for immediate help.
 ...                                              
                                                  
l.141 ... firstnumber=11, linerange=11-18]{python}
                                                  
(That was another \errmessage.)


! Package pgfkeys Error: I do not know the key '/minted/cmd/linerange', to whic
h you passed '11-18', and I am going to ignore it. Perhaps you misspelled it.

See the pgfkeys package documentation for explanation.
Type  H <return>  for immediate help.
 ...                                              
                                                  
l.141 ... firstnumber=11, linerange=11-18]{python}
                                                  
(That was another \errmessage.)

(./_minted/A8703E150FCE4D52ACFB881A144E492F.highlight.minted
LaTeX Info: Redefining \. on input line 2.
LaTeX Info: Redefining \% on input line 2.
 [43{/usr/share/texmf/fonts/enc/dvips/lm/lm-mathex.enc}])

! Package pgfkeys Error: I do not know the key '/minted/cmd/language', to which
 you passed 'Python', and I am going to ignore it. Perhaps you misspelled it.

See the pgfkeys package documentation for explanation.
Type  H <return>  for immediate help.
 ...                                              
                                                  
l.165 ... firstnumber=21, linerange=21-51]{python}
                                                  
(That was another \errmessage.)


! Package pgfkeys Error: I do not know the key '/minted/cmd/linerange', to whic
h you passed '21-51', and I am going to ignore it. Perhaps you misspelled it.

See the pgfkeys package documentation for explanation.
Type  H <return>  for immediate help.
 ...                                              
                                                  
l.165 ... firstnumber=21, linerange=21-51]{python}
                                                  
(That was another \errmessage.)

(./_minted/3D99ECD2B8269D494C2038FC8153215D.highlight.minted
LaTeX Info: Redefining \. on input line 38.
LaTeX Info: Redefining \% on input line 38.
 [44])

! Package pgfkeys Error: I do not know the key '/minted/cmd/language', to which
 you passed 'Python', and I am going to ignore it. Perhaps you misspelled it.

See the pgfkeys package documentation for explanation.
Type  H <return>  for immediate help.
 ...                                              
                                                  
l.206 ... firstnumber=54, linerange=54-72]{python}
                                                  
(That was another \errmessage.)


! Package pgfkeys Error: I do not know the key '/minted/cmd/linerange', to whic
h you passed '54-72', and I am going to ignore it. Perhaps you misspelled it.

See the pgfkeys package documentation for explanation.
Type  H <return>  for immediate help.
 ...                                              
                                                  
l.206 ... firstnumber=54, linerange=54-72]{python}
                                                  
(That was another \errmessage.)

(./_minted/945CF9D7A05F26522DBE24DD5FFA491F.highlight.minted)

! Package pgfkeys Error: I do not know the key '/minted/cmd/language', to which
 you passed 'Python', and I am going to ignore it. Perhaps you misspelled it.

See the pgfkeys package documentation for explanation.
Type  H <return>  for immediate help.
 ...                                              
                                                  
l.236 ... firstnumber=10, linerange=10-27]{python}
                                                  
(That was another \errmessage.)


! Package pgfkeys Error: I do not know the key '/minted/cmd/linerange', to whic
h you passed '10-27', and I am going to ignore it. Perhaps you misspelled it.

See the pgfkeys package documentation for explanation.
Type  H <return>  for immediate help.
 ...                                              
                                                  
l.236 ... firstnumber=10, linerange=10-27]{python}
                                                  
(That was another \errmessage.)

(./_minted/4B7C3134C50ABC9C853F72FAE93BCCF9.highlight.minted)

! Package pgfkeys Error: I do not know the key '/minted/cmd/language', to which
 you passed 'Python', and I am going to ignore it. Perhaps you misspelled it.

See the pgfkeys package documentation for explanation.
Type  H <return>  for immediate help.
 ...                                              
                                                  
l.257 ... firstnumber=30, linerange=30-56]{python}
                                                  
(That was another \errmessage.)


! Package pgfkeys Error: I do not know the key '/minted/cmd/linerange', to whic
h you passed '30-56', and I am going to ignore it. Perhaps you misspelled it.

See the pgfkeys package documentation for explanation.
Type  H <return>  for immediate help.
 ...                                              
                                                  
l.257 ... firstnumber=30, linerange=30-56]{python}
                                                  
(That was another \errmessage.)

(./_minted/D251D7C66683C26ECB3425D2C3E5FC9D.highlight.minted
LaTeX Info: Redefining \. on input line 9.
LaTeX Info: Redefining \% on input line 9.
 [45])

! Package pgfkeys Error: I do not know the key '/minted/cmd/language', to which
 you passed 'Python', and I am going to ignore it. Perhaps you misspelled it.

See the pgfkeys package documentation for explanation.
Type  H <return>  for immediate help.
 ...                                              
                                                  
l.299 ...rstnumber=130, linerange=130-150]{python}
                                                  
(That was another \errmessage.)


! Package pgfkeys Error: I do not know the key '/minted/cmd/linerange', to whic
h you passed '130-150', and I am going to ignore it. Perhaps you misspelled it.


See the pgfkeys package documentation for explanation.
Type  H <return>  for immediate help.
 ...                                              
                                                  
l.299 ...rstnumber=130, linerange=130-150]{python}
                                                  
(That was another \errmessage.)

(./_minted/56BDC1A00380520534E0F4057F56B9FB.highlight.minted))
(./chapters/10_entrenamiento.tex
LaTeX Info: Redefining \. on input line 4.
LaTeX Info: Redefining \% on input line 4.
 [46]
Cap\'{\i }tulo 11.

LaTeX Warning: Citation `kingma2014adam' on page 47 undefined on input line 14.



LaTeX Warning: Citation `loshchilov2019adamw' on page 47 undefined on input lin
e 37.

[47

]

! Package pgfkeys Error: I do not know the key '/minted/cmd/language', to which
 you passed 'Python', and I am going to ignore it. Perhaps you misspelled it.

See the pgfkeys package documentation for explanation.
Type  H <return>  for immediate help.
 ...                                              
                                                  
l.100 ...le=\ttfamily\small, frame=single]{python}
                                                  
(That was another \errmessage.)


! Package pgfkeys Error: I do not know the key '/minted/cmd/basicstyle', to whi
ch you passed '\ttfamily \small ', and I am going to ignore it. Perhaps you mis
spelled it.

See the pgfkeys package documentation for explanation.
Type  H <return>  for immediate help.
 ...                                              
                                                  
l.100 ...le=\ttfamily\small, frame=single]{python}
                                                  
(That was another \errmessage.)

(./_minted/454882664FABA47F2403DED4C9291E12.highlight.minted)

! Package pgfkeys Error: I do not know the key '/minted/cmd/language', to which
 you passed 'Python', and I am going to ignore it. Perhaps you misspelled it.

See the pgfkeys package documentation for explanation.
Type  H <return>  for immediate help.
 ...                                              
                                                  
l.119 ...le=\ttfamily\small, frame=single]{python}
                                                  
(That was another \errmessage.)


! Package pgfkeys Error: I do not know the key '/minted/cmd/basicstyle', to whi
ch you passed '\ttfamily \small ', and I am going to ignore it. Perhaps you mis
spelled it.

See the pgfkeys package documentation for explanation.
Type  H <return>  for immediate help.
 ...                                              
                                                  
l.119 ...le=\ttfamily\small, frame=single]{python}
                                                  
(That was another \errmessage.)

(./_minted/10F02D17FE3A3B96803D301355988EEB.highlight.minted)

! Package pgfkeys Error: I do not know the key '/minted/cmd/language', to which
 you passed 'Python', and I am going to ignore it. Perhaps you misspelled it.

See the pgfkeys package documentation for explanation.
Type  H <return>  for immediate help.
 ...                                              
                                                  
l.129 ...le=\ttfamily\small, frame=single]{python}
                                                  
(That was another \errmessage.)


! Package pgfkeys Error: I do not know the key '/minted/cmd/basicstyle', to whi
ch you passed '\ttfamily \small ', and I am going to ignore it. Perhaps you mis
spelled it.

See the pgfkeys package documentation for explanation.
Type  H <return>  for immediate help.
 ...                                              
                                                  
l.129 ...le=\ttfamily\small, frame=single]{python}
                                                  
(That was another \errmessage.)

(./_minted/8FA4D614010F8C8B8D3A058842965A3A.highlight.minted
LaTeX Info: Redefining \. on input line 2.
LaTeX Info: Redefining \% on input line 2.
 [48])

! Package pgfkeys Error: I do not know the key '/minted/cmd/language', to which
 you passed 'Python', and I am going to ignore it. Perhaps you misspelled it.

See the pgfkeys package documentation for explanation.
Type  H <return>  for immediate help.
 ...                                              
                                                  
l.142 ...le=\ttfamily\small, frame=single]{python}
                                                  
(That was another \errmessage.)


! Package pgfkeys Error: I do not know the key '/minted/cmd/basicstyle', to whi
ch you passed '\ttfamily \small ', and I am going to ignore it. Perhaps you mis
spelled it.

See the pgfkeys package documentation for explanation.
Type  H <return>  for immediate help.
 ...                                              
                                                  
l.142 ...le=\ttfamily\small, frame=single]{python}
                                                  
(That was another \errmessage.)

(./_minted/919ACC69A8D968A7FBBD967AEC5C4E1A.highlight.minted)

! Package pgfkeys Error: I do not know the key '/minted/cmd/language', to which
 you passed 'Python', and I am going to ignore it. Perhaps you misspelled it.

See the pgfkeys package documentation for explanation.
Type  H <return>  for immediate help.
 ...                                              
                                                  
l.159 ...le=\ttfamily\small, frame=single]{python}
                                                  
(That was another \errmessage.)


! Package pgfkeys Error: I do not know the key '/minted/cmd/basicstyle', to whi
ch you passed '\ttfamily \small ', and I am going to ignore it. Perhaps you mis
spelled it.

See the pgfkeys package documentation for explanation.
Type  H <return>  for immediate help.
 ...                                              
                                                  
l.159 ...le=\ttfamily\small, frame=single]{python}
                                                  
(That was another \errmessage.)

(./_minted/1A3EA66549809306B98B049B12C39E41.highlight.minted)

! Package pgfkeys Error: I do not know the key '/minted/cmd/language', to which
 you passed 'Python', and I am going to ignore it. Perhaps you misspelled it.

See the pgfkeys package documentation for explanation.
Type  H <return>  for immediate help.
 ...                                              
                                                  
l.175 ... firstnumber=34, linerange=34-49]{python}
                                                  
(That was another \errmessage.)


! Package pgfkeys Error: I do not know the key '/minted/cmd/linerange', to whic
h you passed '34-49', and I am going to ignore it. Perhaps you misspelled it.

See the pgfkeys package documentation for explanation.
Type  H <return>  for immediate help.
 ...                                              
                                                  
l.175 ... firstnumber=34, linerange=34-49]{python}
                                                  
(That was another \errmessage.)

(./_minted/B9311C2D994B727D2F119919392DCC58.highlight.minted)

! Package pgfkeys Error: I do not know the key '/minted/cmd/language', to which
 you passed 'Python', and I am going to ignore it. Perhaps you misspelled it.

See the pgfkeys package documentation for explanation.
Type  H <return>  for immediate help.
 ...                                              
                                                  
l.191 ...firstnumber=52, linerange=52-110]{python}
                                                  
(That was another \errmessage.)


! Package pgfkeys Error: I do not know the key '/minted/cmd/linerange', to whic
h you passed '52-110', and I am going to ignore it. Perhaps you misspelled it.

See the pgfkeys package documentation for explanation.
Type  H <return>  for immediate help.
 ...                                              
                                                  
l.191 ...firstnumber=52, linerange=52-110]{python}
                                                  
(That was another \errmessage.)

(./_minted/B04B8BECF34DCBBA28B3100CB14E2820.highlight.minted
LaTeX Info: Redefining \. on input line 2.
LaTeX Info: Redefining \% on input line 2.
 [49])

! Package pgfkeys Error: I do not know the key '/minted/cmd/language', to which
 you passed 'Python', and I am going to ignore it. Perhaps you misspelled it.

See the pgfkeys package documentation for explanation.
Type  H <return>  for immediate help.
 ...                                              
                                                  
l.249 ...rstnumber=113, linerange=113-191]{python}
                                                  
(That was another \errmessage.)


! Package pgfkeys Error: I do not know the key '/minted/cmd/linerange', to whic
h you passed '113-191', and I am going to ignore it. Perhaps you misspelled it.


See the pgfkeys package documentation for explanation.
Type  H <return>  for immediate help.
 ...                                              
                                                  
l.249 ...rstnumber=113, linerange=113-191]{python}
                                                  
(That was another \errmessage.)

(./_minted/D74DF223EC99A7C0051BEEF7258D5541.highlight.minted
LaTeX Info: Redefining \. on input line 7.
LaTeX Info: Redefining \% on input line 7.
 [50]
Underfull \vbox (badness 10000) has occurred while \output is active []

LaTeX Info: Redefining \. on input line 69.
LaTeX Info: Redefining \% on input line 69.
 [51]))
(./chapters/11_evaluacion.tex
LaTeX Info: Redefining \. on input line 4.
LaTeX Info: Redefining \% on input line 4.
 [52]
Cap\'{\i }tulo 12.

! Package pgfkeys Error: I do not know the key '/minted/cmd/language', to which
 you passed 'Python', and I am going to ignore it. Perhaps you misspelled it.

See the pgfkeys package documentation for explanation.
Type  H <return>  for immediate help.
 ...                                              
                                                  
l.71 ..., firstnumber=42, linerange=42-62]{python}
                                                  
(That was another \errmessage.)


! Package pgfkeys Error: I do not know the key '/minted/cmd/linerange', to whic
h you passed '42-62', and I am going to ignore it. Perhaps you misspelled it.

See the pgfkeys package documentation for explanation.
Type  H <return>  for immediate help.
 ...                                              
                                                  
l.71 ..., firstnumber=42, linerange=42-62]{python}
                                                  
(That was another \errmessage.)

(./_minted/ACC1F64D0601A78DE194ABE43B3E7744.highlight.minted [53

])

! Package pgfkeys Error: I do not know the key '/minted/cmd/language', to which
 you passed 'Python', and I am going to ignore it. Perhaps you misspelled it.

See the pgfkeys package documentation for explanation.
Type  H <return>  for immediate help.
 ...                                              
                                                  
l.109 ... firstnumber=65, linerange=65-85]{python}
                                                  
(That was another \errmessage.)


! Package pgfkeys Error: I do not know the key '/minted/cmd/linerange', to whic
h you passed '65-85', and I am going to ignore it. Perhaps you misspelled it.

See the pgfkeys package documentation for explanation.
Type  H <return>  for immediate help.
 ...                                              
                                                  
l.109 ... firstnumber=65, linerange=65-85]{python}
                                                  
(That was another \errmessage.)

(./_minted/614039EF3B24B7722A71EAD079EF97FF.highlight.minted
LaTeX Info: Redefining \. on input line 24.
LaTeX Info: Redefining \% on input line 24.
 [54])

! Package pgfkeys Error: I do not know the key '/minted/cmd/language', to which
 you passed 'Python', and I am going to ignore it. Perhaps you misspelled it.

See the pgfkeys package documentation for explanation.
Type  H <return>  for immediate help.
 ...                                              
                                                  
l.140 ...s, firstnumber=9, linerange=9-17]{python}
                                                  
(That was another \errmessage.)


! Package pgfkeys Error: I do not know the key '/minted/cmd/linerange', to whic
h you passed '9-17', and I am going to ignore it. Perhaps you misspelled it.

See the pgfkeys package documentation for explanation.
Type  H <return>  for immediate help.
 ...                                              
                                                  
l.140 ...s, firstnumber=9, linerange=9-17]{python}
                                                  
(That was another \errmessage.)

(./_minted/0B46993E522326C029295F7F8B19176B.highlight.minted)

! Package pgfkeys Error: I do not know the key '/minted/cmd/language', to which
 you passed 'Python', and I am going to ignore it. Perhaps you misspelled it.

See the pgfkeys package documentation for explanation.
Type  H <return>  for immediate help.
 ...                                              
                                                  
l.164 ...firstnumber=89, linerange=89-153]{python}
                                                  
(That was another \errmessage.)


! Package pgfkeys Error: I do not know the key '/minted/cmd/linerange', to whic
h you passed '89-153', and I am going to ignore it. Perhaps you misspelled it.

See the pgfkeys package documentation for explanation.
Type  H <return>  for immediate help.
 ...                                              
                                                  
l.164 ...firstnumber=89, linerange=89-153]{python}
                                                  
(That was another \errmessage.)

(./_minted/6D5A336E9FCB6A7504BBF59EC60ED052.highlight.minted
LaTeX Info: Redefining \. on input line 29.
LaTeX Info: Redefining \% on input line 29.
 [55])

! Package pgfkeys Error: I do not know the key '/minted/cmd/language', to which
 you passed 'bash', and I am going to ignore it. Perhaps you misspelled it.

See the pgfkeys package documentation for explanation.
Type  H <return>  for immediate help.
 ...                                              
                                                  
l.225 ...le=\ttfamily\small, frame=single]{python}
                                                  
(That was another \errmessage.)


! Package pgfkeys Error: I do not know the key '/minted/cmd/basicstyle', to whi
ch you passed '\ttfamily \small ', and I am going to ignore it. Perhaps you mis
spelled it.

See the pgfkeys package documentation for explanation.
Type  H <return>  for immediate help.
 ...                                              
                                                  
l.225 ...le=\ttfamily\small, frame=single]{python}
                                                  
(That was another \errmessage.)

(./_minted/F280B943AC058329F08F719A85979213.highlight.minted)
Underfull \vbox (badness 10000) has occurred while \output is active []

LaTeX Info: Redefining \. on input line 260.
LaTeX Info: Redefining \% on input line 260.
 [56])
(./chapters/12_metricas.tex
LaTeX Info: Redefining \. on input line 4.
LaTeX Info: Redefining \% on input line 4.
 [57]
Cap\'{\i }tulo 13.
[58

]
! Undefined control sequence.
l.104 1 & \cmark
                 & 1/1 = 1.00 & 1/3 = 0.33 & primer positivo \\
The control sequence at the end of the top line
of your error message was never \def'ed. If you have
misspelled it (e.g., `\hobx'), type `I' and the correct
spelling (e.g., `I\hbox'). Otherwise just continue,
and I'll forget about whatever was undefined.

! Undefined control sequence.
l.105 2 & \xmark
                 & 0/2 = 0.00 & 1/3 = 0.33 & falso positivo \\
The control sequence at the end of the top line
of your error message was never \def'ed. If you have
misspelled it (e.g., `\hobx'), type `I' and the correct
spelling (e.g., `I\hbox'). Otherwise just continue,
and I'll forget about whatever was undefined.

! Undefined control sequence.
l.106 3 & \cmark
                 & 1/3 = 0.33 & 2/3 = 0.67 & segundo positivo \\
The control sequence at the end of the top line
of your error message was never \def'ed. If you have
misspelled it (e.g., `\hobx'), type `I' and the correct
spelling (e.g., `I\hbox'). Otherwise just continue,
and I'll forget about whatever was undefined.

! Undefined control sequence.
l.107 4 & \xmark
                 & 1/4 = 0.25 & 2/3 = 0.67 & falso positivo \\
The control sequence at the end of the top line
of your error message was never \def'ed. If you have
misspelled it (e.g., `\hobx'), type `I' and the correct
spelling (e.g., `I\hbox'). Otherwise just continue,
and I'll forget about whatever was undefined.

! Undefined control sequence.
l.108 5 & \cmark
                 & 2/5 = 0.40 & 3/3 = 1.00 & tercer positivo \\
The control sequence at the end of the top line
of your error message was never \def'ed. If you have
misspelled it (e.g., `\hobx'), type `I' and the correct
spelling (e.g., `I\hbox'). Otherwise just continue,
and I'll forget about whatever was undefined.


! Package pgfkeys Error: I do not know the key '/minted/cmd/linerange', to whic
h you passed '20-53', and I am going to ignore it. Perhaps you misspelled it.

See the pgfkeys package documentation for explanation.
Type  H <return>  for immediate help.
 ...                                              
                                                  
l.140 ... firstnumber=20, linerange=20-53]{python}
                                                  
(That was another \errmessage.)

(./_minted/93E7E029048BA681E3E076CCCEE0B107.highlight.minted
LaTeX Info: Redefining \. on input line 6.
LaTeX Info: Redefining \% on input line 6.
 [59]
Underfull \vbox (badness 1502) has occurred while \output is active []

LaTeX Info: Redefining \. on input line 63.
LaTeX Info: Redefining \% on input line 63.
 [60])

! Package pgfkeys Error: I do not know the key '/minted/cmd/linerange', to whic
h you passed '56-77', and I am going to ignore it. Perhaps you misspelled it.

See the pgfkeys package documentation for explanation.
Type  H <return>  for immediate help.
 ...                                              
                                                  
l.278 ... firstnumber=56, linerange=56-77]{python}
                                                  
(That was another \errmessage.)

(./_minted/6EEF3910EDA2CD9C3C745B15F13E94CD.highlight.minted
LaTeX Info: Redefining \. on input line 2.
LaTeX Info: Redefining \% on input line 2.
 [61])
! Undefined control sequence.
l.347 ...52\% & \textasciitilde 70\% & \textasciit
                                                  \sim 80\% & \textasciitild...
The control sequence at the end of the top line
of your error message was never \def'ed. If you have
misspelled it (e.g., `\hobx'), type `I' and the correct
spelling (e.g., `I\hbox'). Otherwise just continue,
and I'll forget about whatever was undefined.

! Missing $ inserted.
<inserted text> 
                $
l.347 ... & \textasciitilde 70\% & \textasciit\sim
                                                   80\% & \textasciitilde 40...
I've inserted a begin-math/end-math symbol since I think
you left one out. Proceed, with fingers crossed.

! Missing $ inserted.
<inserted text> 
                $
l.347 ...tasciitilde 70\% & \textasciit\sim 80\% &
                                                   \textasciitilde 40\% \\
I've inserted something that you may have forgotten.
(See the <inserted text> above.)
With luck, this will get me unwedged. But if you
really didn't forget anything, try typing `2' now; then
my insertion and my current dilemma will both disappear.


Underfull \vbox (badness 10000) has occurred while \output is active []

LaTeX Info: Redefining \. on input line 352.
LaTeX Info: Redefining \% on input line 352.
 [62]

! LaTeX Error: Unicode character 也 (U+4E5F)
               not set up for use with LaTeX.

See the LaTeX manual or LaTeX Companion for explanation.
Type  H <return>  for immediate help.
 ...                                              
                                                  
l.360 ...bueno'' para ReID por texto (un humano也
                                                  很难
You may provide a definition with
\DeclareUnicodeCharacter 


! LaTeX Error: Unicode character 很 (U+5F88)
               not set up for use with LaTeX.

See the LaTeX manual or LaTeX Companion for explanation.
Type  H <return>  for immediate help.
 ...                                              
                                                  
l.360 ...no'' para ReID por texto (un humano也很
                                                  难
You may provide a definition with
\DeclareUnicodeCharacter 


! LaTeX Error: Unicode character 难 (U+96BE)
               not set up for use with LaTeX.

See the LaTeX manual or LaTeX Companion for explanation.
Type  H <return>  for immediate help.
 ...                                              
                                                  
l.360 ...' para ReID por texto (un humano也很难
                                                  
You may provide a definition with
\DeclareUnicodeCharacter 

LaTeX Info: Redefining \. on input line 414.
LaTeX Info: Redefining \% on input line 414.
[63]) (./chapters/13_apendices.tex
LaTeX Info: Redefining \. on input line 4.
LaTeX Info: Redefining \% on input line 4.
 [64]
Cap\'{\i }tulo 14.

Underfull \hbox (badness 10000) in paragraph at lines 74--75
[]|\T1/lmtt/m/n/10.95 Embedding(29610,
 []


Underfull \hbox (badness 10000) in paragraph at lines 80--81
[]|\T1/lmtt/m/n/10.95 BiGRU(512, 1024,
 []


Underfull \hbox (badness 10000) in paragraph at lines 87--88
[]|[]\T1/lmtt/m/n/10.95 ((B, 1024, 100,
 []


Underfull \hbox (badness 10000) in paragraph at lines 91--92
[]|[]\T1/lmtt/m/n/10.95 ((B, 1280, 16,
 []


Underfull \hbox (badness 10000) in paragraph at lines 94--95
[]|[]\T1/lmtt/m/n/10.95 ((B, 1024, 16,
 []


Overfull \hbox (1.16365pt too wide) in paragraph at lines 96--97
[]|\T1/lmtt/m/n/10.95 AdaptiveMaxPool2d(1,
 []


Underfull \hbox (badness 10000) in paragraph at lines 103--104
[]|\T1/lmr/m/n/10.95 Classifier(1024,
 []


Underfull \hbox (badness 10000) in paragraph at lines 104--105
[]|[]\T1/lmtt/m/n/10.95 ((B,
 []


Underfull \hbox (badness 1325) in paragraph at lines 107--108
[]|\T1/lmr/bx/n/10.95 Total (sin cla-si-fi-ca-
 []

[65

]
LaTeX Info: Redefining \. on input line 189.
LaTeX Info: Redefining \% on input line 189.
 [66]
LaTeX Info: Redefining \. on input line 248.
LaTeX Info: Redefining \% on input line 248.
 [67]

! Package pgfkeys Error: I do not know the key '/minted/cmd/language', to which
 you passed 'bash', and I am going to ignore it. Perhaps you misspelled it.

See the pgfkeys package documentation for explanation.
Type  H <return>  for immediate help.
 ...                                              
                                                  
l.252 ...le=\ttfamily\small, frame=single]{python}
                                                  
(That was another \errmessage.)


! Package pgfkeys Error: I do not know the key '/minted/cmd/basicstyle', to whi
ch you passed '\ttfamily \small ', and I am going to ignore it. Perhaps you mis
spelled it.

See the pgfkeys package documentation for explanation.
Type  H <return>  for immediate help.
 ...                                              
                                                  
l.252 ...le=\ttfamily\small, frame=single]{python}
                                                  
(That was another \errmessage.)

(./_minted/E509810EFBF7BC04DA013B21168DD666.highlight.minted)
Overfull \hbox (9.85228pt too wide) in paragraph at lines 304--307
[]\T1/lmr/bx/n/10.95 Loshchilov, I. & Hut-ter, F. \T1/lmr/m/n/10.95 (2019). \T1
/lmr/m/it/10.95 De-co-upled Weight De-cay Re-gu-la-ri-za-tion\T1/lmr/m/n/10.95 
. ICLR. (AdamW). 
 []

LaTeX Info: Redefining \. on input line 311.
LaTeX Info: Redefining \% on input line 311.
[68])
LaTeX Info: Redefining \. on input line 228.
LaTeX Info: Redefining \% on input line 228.
 [69]
No file main.bbl.
(./main.aux
LaTeX Info: Redefining \. on input line 11.
LaTeX Info: Redefining \% on input line 11.
)
 ***********
LaTeX2e <2025-11-01>
L3 programming layer <2026-01-19>
 ***********


LaTeX Font Warning: Some font shapes were not available, defaults substituted.


LaTeX Warning: There were undefined references.


LaTeX Warning: There were multiply-defined labels.

Package rerunfilecheck Info: File `main.out' has not changed.
(rerunfilecheck)             Checksum: 8B3816624CDB66AE84D8A5CA9CC8074E;35733.
 ) 
Here is how much of TeX's memory you used:
 38188 strings out of 469411
 763550 string characters out of 5467119
 1271340 words of memory out of 5000000
 65666 multiletter control sequences out of 15000+600000
 774325 words of font info for 146 fonts, out of 8000000 for 9000
 62 hyphenation exceptions out of 8191
 85i,13n,104p,497b,1420s stack positions out of 10000i,1000n,20000p,200000b,200000s
</usr/share/texmf/fonts/type1/public/lm/lmbx10.pfb></usr/share/texmf/fonts/ty
pe1/public/lm/lmbx12.pfb></usr/share/texmf/fonts/type1/public/lm/lmbx9.pfb></us
r/share/texmf/fonts/type1/public/lm/lmbxi10.pfb></usr/share/texmf/fonts/type1/p
ublic/lm/lmcsc10.pfb></usr/share/texmf/fonts/type1/public/lm/lmex10.pfb></usr/s
hare/texmf/fonts/type1/public/lm/lmmi10.pfb></usr/share/texmf/fonts/type1/publi
c/lm/lmmi6.pfb></usr/share/texmf/fonts/type1/public/lm/lmmi7.pfb></usr/share/te
xmf/fonts/type1/public/lm/lmmi8.pfb></usr/share/texmf/fonts/type1/public/lm/lmm
i9.pfb></usr/share/texmf/fonts/type1/public/lm/lmr10.pfb></usr/share/texmf/font
s/type1/public/lm/lmr12.pfb></usr/share/texmf/fonts/type1/public/lm/lmr6.pfb></
usr/share/texmf/fonts/type1/public/lm/lmr7.pfb></usr/share/texmf/fonts/type1/pu
blic/lm/lmr8.pfb></usr/share/texmf/fonts/type1/public/lm/lmr9.pfb></usr/share/t
exmf/fonts/type1/public/lm/lmri10.pfb></usr/share/texmf/fonts/type1/public/lm/l
mss10.pfb></usr/share/texmf/fonts/type1/public/lm/lmss8.pfb></usr/share/texmf/f
onts/type1/public/lm/lmss9.pfb></usr/share/texmf/fonts/type1/public/lm/lmssbx10
.pfb></usr/share/texmf/fonts/type1/public/lm/lmsy10.pfb></usr/share/texmf/fonts
/type1/public/lm/lmsy6.pfb></usr/share/texmf/fonts/type1/public/lm/lmsy7.pfb></
usr/share/texmf/fonts/type1/public/lm/lmsy8.pfb></usr/share/texmf/fonts/type1/p
ublic/lm/lmsy9.pfb></usr/share/texmf/fonts/type1/public/lm/lmtk10.pfb></usr/sha
re/texmf/fonts/type1/public/lm/lmtt10.pfb></usr/share/texmf/fonts/type1/public/
lm/lmtt12.pfb></usr/share/texmf/fonts/type1/public/lm/lmtt9.pfb></usr/share/tex
mf/fonts/type1/public/lm/lmtti10.pfb></usr/share/texlive/texmf-dist/fonts/type1
/public/amsfonts/symbols/msbm10.pfb>
Output written on main.pdf (79 pages, 793757 bytes).
PDF statistics:
 1616 PDF objects out of 1728 (max. 8388607)
 1446 compressed objects within 15 object streams
 363 named destinations out of 1000 (max. 500000)
 1325 words of extra memory for PDF output out of 10000 (max. 10000000)

